Brand,Price,Horsepower,Fuel Efficiency,Encoded_Brand,Scaled_Brand,Scaled_Horsepower,Scaled_Fuel_Efficiency,Performance_Index
Brand C,91942,382,15.3,6,0.625,0.705,0.21200000000000002,5844.6
Brand A,70075,197,32.6,4,0.375,0.2425,0.904,6422.200000000001
Brand C,84524,188,34.9,6,0.625,0.22,0.996,6561.2
Brand E,68939,258,15.1,2,0.125,0.395,0.204,3895.7999999999997
Brand X,66505,277,13.0,8,0.875,0.4425,0.12,3601.0
Brand W,92762,125,18.5,1,0.0,0.0625,0.34,2312.5
Brand Y,99356,284,20.6,3,0.25,0.46,0.42400000000000004,5850.400000000001
Brand A,38486,445,22.0,4,0.375,0.8625,0.48,9790.0
Brand A,54628,426,13.5,4,0.375,0.815,0.14,5751.0
Brand D,93925,250,22.1,9,1.0,0.375,0.48400000000000004,5525.0
Brand D,91392,196,34.6,9,1.0,0.24,0.9840000000000001,6781.6
Brand W,44426,243,28.9,1,0.0,0.3575,0.7559999999999999,7022.7
Brand B,80911,380,14.0,5,0.5,0.7,0.16,5320.0
Brand Z,70801,434,12.1,7,0.75,0.835,0.08399999999999999,5251.4
Brand Y,56553,267,26.6,3,0.25,0.4175,0.664,7102.200000000001
Brand C,98956,302,19.7,6,0.625,0.505,0.38799999999999996,5949.4
Brand D,41342,397,20.9,9,1.0,0.7425,0.43599999999999994,8297.3
Brand Y,56788,371,16.6,3,0.25,0.6775,0.26400000000000007,6158.6
Brand W,73681,368,22.8,1,0.0,0.67,0.512,8390.4
Brand C,63849,448,23.3,6,0.625,0.87,0.532,10438.4
Brand D,66440,392,31.5,9,1.0,0.73,0.86,12348.0
Brand D,32201,443,31.4,9,1.0,0.8575,0.856,13910.199999999999
Brand C,58132,271,14.4,6,0.625,0.4275,0.17600000000000002,3902.4
Brand W,55534,289,21.3,1,0.0,0.4725,0.452,6155.7
Brand D,58482,326,28.2,9,1.0,0.565,0.728,9193.199999999999
Brand D,62941,415,30.4,9,1.0,0.7875,0.816,12616.0
Brand Z,38558,425,33.3,7,0.75,0.8125,0.9319999999999999,14152.499999999998
Brand Z,89631,159,30.4,7,0.75,0.1475,0.816,4833.599999999999
Brand Y,81392,123,28.8,3,0.25,0.0575,0.752,3542.4
Brand Z,88737,133,15.3,7,0.75,0.0825,0.21200000000000002,2034.9
Brand Y,83940,418,30.6,3,0.25,0.795,0.8240000000000001,12790.800000000001
Brand W,78623,406,28.6,1,0.0,0.765,0.7440000000000001,11611.6
Brand E,54572,462,34.2,2,0.125,0.905,0.9680000000000001,15800.400000000001
Brand X,90994,412,21.5,8,0.875,0.78,0.46,8858.0
Brand E,93796,301,19.8,2,0.125,0.5025,0.392,5959.8
Brand Y,87899,375,34.5,3,0.25,0.6875,0.98,12937.5
Brand X,53136,348,29.8,8,0.875,0.62,0.792,10370.4
Brand D,59191,372,18.0,9,1.0,0.68,0.32,6696.0
Brand W,31549,293,20.0,1,0.0,0.4825,0.4,5860.0
Brand Y,65818,191,23.1,3,0.25,0.2275,0.524,4412.1
Brand W,32910,469,27.6,1,0.0,0.9225,0.7040000000000001,12944.400000000001
Brand A,38830,145,28.0,4,0.375,0.1125,0.72,4060.0
Brand B,49391,377,29.0,5,0.5,0.6925,0.76,10933.0
Brand Z,91045,479,15.4,7,0.75,0.9475,0.21600000000000003,7376.6
Brand D,83677,451,14.2,9,1.0,0.8775,0.16799999999999998,6404.2
Brand A,86547,237,22.0,4,0.375,0.3425,0.48,5214.0
Brand B,63487,399,26.4,5,0.5,0.7475,0.6559999999999999,10533.599999999999
Brand C,56290,206,19.9,6,0.625,0.265,0.39599999999999996,4099.4
Brand D,47458,388,24.8,9,1.0,0.72,0.5920000000000001,9622.4
Brand E,61479,342,22.3,2,0.125,0.605,0.49200000000000005,7626.6
Brand X,87307,488,14.2,8,0.875,0.97,0.16799999999999998,6929.599999999999
Brand D,71988,343,16.1,9,1.0,0.6075,0.24400000000000005,5522.3
Brand E,58456,138,30.1,2,0.125,0.095,0.804,4153.8
Brand X,66884,389,34.0,8,0.875,0.7225,0.96,13226.0
Brand C,46162,417,25.6,6,0.625,0.7925,0.6240000000000001,10675.2
Brand X,77816,200,12.6,8,0.875,0.25,0.10399999999999998,2520.0
Brand E,99746,417,12.6,2,0.125,0.7925,0.10399999999999998,5254.2
Brand C,34281,397,33.9,6,0.625,0.7425,0.956,13458.3
Brand B,49012,250,28.1,5,0.5,0.375,0.7240000000000001,7025.0
Brand X,71598,372,19.7,8,0.875,0.68,0.38799999999999996,7328.4
Brand B,49863,449,24.4,5,0.5,0.8725,0.576,10955.599999999999
Brand W,91999,476,25.2,1,0.0,0.94,0.608,11995.199999999999
Brand B,55450,186,32.5,5,0.5,0.215,0.9,6045.0
Brand A,38366,233,13.9,4,0.375,0.3325,0.15600000000000003,3238.7000000000003
Brand C,69103,132,15.9,6,0.625,0.08,0.23600000000000002,2098.8
Brand C,31700,191,32.0,6,0.625,0.2275,0.88,6112.0
Brand D,70482,474,33.0,9,1.0,0.935,0.92,15642.0
Brand W,72835,244,31.5,1,0.0,0.36,0.86,7686.0
Brand W,35571,354,25.5,1,0.0,0.635,0.62,9027.0
Brand X,37908,205,14.4,8,0.875,0.2625,0.17600000000000002,2952.0
Brand A,49095,197,16.6,4,0.375,0.2425,0.26400000000000007,3270.2000000000003
Brand A,98767,330,10.3,4,0.375,0.575,0.012000000000000028,3399.0000000000005
Brand W,33667,283,27.7,1,0.0,0.4575,0.708,7839.099999999999
Brand C,47868,154,14.9,6,0.625,0.135,0.196,2294.6
Brand Y,32684,222,28.9,3,0.25,0.305,0.7559999999999999,6415.799999999999
Brand Z,95983,271,19.6,7,0.75,0.4275,0.38400000000000006,5311.6
Brand X,89267,204,24.9,8,0.875,0.26,0.596,5079.599999999999
Brand X,33850,408,30.5,8,0.875,0.77,0.82,12444.0
Brand W,84671,152,16.5,1,0.0,0.13,0.26,2508.0
Brand W,54081,212,18.0,1,0.0,0.28,0.32,3816.0
Brand C,57404,357,34.2,6,0.625,0.6425,0.9680000000000001,12209.400000000001
Brand Z,76085,477,15.8,7,0.75,0.9425,0.23200000000000004,7536.6
Brand E,94629,414,25.3,2,0.125,0.785,0.612,10474.2
Brand C,39722,415,10.2,6,0.625,0.7875,0.007999999999999972,4233.0
Brand Z,75163,176,17.9,7,0.75,0.19,0.31599999999999995,3150.3999999999996
Brand A,82723,175,25.7,4,0.375,0.1875,0.628,4497.5
Brand D,69648,242,34.0,9,1.0,0.355,0.96,8228.0
Brand B,36457,119,31.3,5,0.5,0.0475,0.852,3724.7000000000003
Brand D,73006,175,24.4,9,1.0,0.1875,0.576,4270.0
Brand E,58809,487,18.4,2,0.125,0.9675,0.33599999999999997,8960.8
Brand C,60421,472,30.8,6,0.625,0.93,0.8320000000000001,14537.6
Brand B,60815,343,20.1,5,0.5,0.6075,0.4040000000000001,6894.3
Brand Y,82142,423,21.5,3,0.25,0.8075,0.46,9094.5
Brand Y,99304,449,25.8,3,0.25,0.8725,0.632,11584.2
Brand C,67139,196,16.9,6,0.625,0.24,0.27599999999999997,3312.3999999999996
Brand X,72244,209,17.0,8,0.875,0.2725,0.28,3553.0
Brand D,81681,137,18.5,9,1.0,0.0925,0.34,2534.5
Brand X,96377,102,12.1,8,0.875,0.005,0.08399999999999999,1234.2
Brand X,96461,214,28.5,8,0.875,0.285,0.74,6099.0
Brand W,49762,128,34.0,1,0.0,0.07,0.96,4352.0
Brand E,34119,453,17.6,2,0.125,0.8825,0.30400000000000005,7972.800000000001
Brand A,48537,181,23.4,4,0.375,0.2025,0.5359999999999999,4235.4
Brand X,94739,381,22.8,8,0.875,0.7025,0.512,8686.800000000001
Brand Y,41256,478,20.8,3,0.25,0.945,0.43200000000000005,9942.4
Brand D,80533,220,28.3,9,1.0,0.3,0.732,6226.0
Brand D,71517,393,34.2,9,1.0,0.7325,0.9680000000000001,13440.6
Brand A,73334,406,14.3,4,0.375,0.765,0.17200000000000004,5805.8
Brand W,50421,262,12.3,1,0.0,0.405,0.09200000000000003,3222.6000000000004
Brand B,48526,442,13.6,5,0.5,0.855,0.144,6011.2
Brand Y,72626,440,21.1,3,0.25,0.85,0.44400000000000006,9284.0
Brand Y,60759,138,29.2,3,0.25,0.095,0.768,4029.6
Brand A,33431,327,33.0,4,0.375,0.5675,0.92,10791.0
Brand D,64870,259,31.7,9,1.0,0.3975,0.868,8210.3
Brand B,70915,375,29.4,5,0.5,0.6875,0.7759999999999999,11025.0
Brand D,35527,203,34.0,9,1.0,0.2575,0.96,6902.0
Brand A,38953,121,25.9,4,0.375,0.0525,0.6359999999999999,3133.8999999999996
Brand W,49106,393,12.9,1,0.0,0.7325,0.11600000000000002,5069.7
Brand W,50976,350,29.7,1,0.0,0.625,0.7879999999999999,10395.0
Brand W,88322,371,31.7,1,0.0,0.6775,0.868,11760.699999999999
Brand Y,99437,364,13.1,3,0.25,0.66,0.12399999999999999,4768.4
Brand W,66089,133,15.1,1,0.0,0.0825,0.204,2008.3
Brand B,51585,372,17.5,5,0.5,0.68,0.3,6510.0
Brand Z,61643,206,16.2,7,0.75,0.265,0.24799999999999997,3337.2
Brand B,40277,264,26.3,5,0.5,0.41,0.652,6943.2
Brand E,49230,261,23.2,2,0.125,0.4025,0.528,6055.2
Brand D,99979,369,28.2,9,1.0,0.6725,0.728,10405.8
Brand A,52740,302,29.1,4,0.375,0.505,0.764,8788.2
Brand D,95643,160,11.1,9,1.0,0.15,0.043999999999999984,1776.0
Brand E,71590,349,20.9,2,0.125,0.6225,0.43599999999999994,7294.099999999999
Brand D,33755,249,34.8,9,1.0,0.3725,0.9919999999999999,8665.199999999999
Brand Y,41844,130,11.7,3,0.25,0.075,0.06799999999999998,1521.0
Brand Y,80517,167,18.2,3,0.25,0.1675,0.32799999999999996,3039.4
Brand W,49461,301,13.7,1,0.0,0.5025,0.14799999999999996,4123.7
Brand E,30667,239,15.0,2,0.125,0.3475,0.2,3585.0
Brand A,91753,196,25.5,4,0.375,0.24,0.62,4998.0
Brand B,78913,396,26.5,5,0.5,0.74,0.66,10494.0
Brand C,79572,455,27.0,6,0.625,0.8875,0.68,12285.0
Brand Y,82088,321,32.7,3,0.25,0.5525,0.9080000000000001,10496.7
Brand D,63779,498,34.3,9,1.0,0.995,0.9719999999999999,17081.399999999998
Brand A,30024,349,15.9,4,0.375,0.6225,0.23600000000000002,5549.1
Brand A,53227,451,26.9,4,0.375,0.8775,0.6759999999999999,12131.9
Brand Y,49842,412,14.5,3,0.25,0.78,0.18,5974.0
Brand X,58314,222,12.5,8,0.875,0.305,0.1,2775.0
Brand A,73887,407,10.5,4,0.375,0.7675,0.02,4273.5
Brand Y,55940,408,26.3,3,0.25,0.77,0.652,10730.4
Brand D,40672,188,28.1,9,1.0,0.22,0.7240000000000001,5282.8
Brand E,79349,426,18.7,2,0.125,0.815,0.348,7966.2
Brand C,52431,398,18.8,6,0.625,0.745,0.35200000000000004,7482.400000000001
Brand X,56322,225,14.3,8,0.875,0.3125,0.17200000000000004,3217.5
Brand C,31816,376,11.9,6,0.625,0.69,0.07600000000000001,4474.400000000001
Brand B,98141,412,31.9,5,0.5,0.78,0.8759999999999999,13142.8
Brand B,97568,380,13.9,5,0.5,0.7,0.15600000000000003,5282.0
Brand X,62821,250,10.4,8,0.875,0.375,0.016000000000000014,2600.0
Brand A,47132,104,33.9,4,0.375,0.01,0.956,3525.6
Brand E,68470,169,20.5,2,0.125,0.1725,0.42,3464.5
Brand Y,45260,444,29.5,3,0.25,0.86,0.78,13098.0
Brand D,49157,403,16.2,9,1.0,0.7575,0.24799999999999997,6528.599999999999
Brand D,36278,475,18.2,9,1.0,0.9375,0.32799999999999996,8645.0
Brand X,74454,133,14.1,8,0.875,0.0825,0.16399999999999998,1875.3
Brand Z,65710,128,21.0,7,0.75,0.07,0.44,2688.0
Brand X,52075,284,31.2,8,0.875,0.46,0.848,8860.8
Brand Y,66531,381,11.1,3,0.25,0.7025,0.043999999999999984,4229.099999999999
Brand A,46753,419,17.5,4,0.375,0.7975,0.3,7332.5
Brand E,36102,308,15.1,2,0.125,0.52,0.204,4650.8
Brand E,51627,269,22.9,2,0.125,0.4225,0.5159999999999999,6160.099999999999
Brand W,83049,174,33.5,1,0.0,0.185,0.94,5829.0
Brand E,45201,427,31.7,2,0.125,0.8175,0.868,13535.9
Brand C,44911,166,32.0,6,0.625,0.165,0.88,5312.0
Brand C,51087,117,33.4,6,0.625,0.0425,0.9359999999999999,3907.7999999999997
Brand A,77227,185,21.8,4,0.375,0.2125,0.47200000000000003,4033.0
Brand X,88092,428,14.2,8,0.875,0.82,0.16799999999999998,6077.599999999999
Brand E,90663,140,26.3,2,0.125,0.1,0.652,3682.0
Brand E,70215,176,28.3,2,0.125,0.19,0.732,4980.8
Brand Z,43713,336,32.9,7,0.75,0.59,0.9159999999999999,11054.4
Brand X,79645,192,16.0,8,0.875,0.23,0.24,3072.0
Brand Y,38803,420,25.6,3,0.25,0.8,0.6240000000000001,10752.0
Brand A,45787,228,27.9,4,0.375,0.32,0.716,6361.2
Brand B,64143,347,25.0,5,0.5,0.6175,0.6,8675.0
Brand Y,47139,194,31.4,3,0.25,0.235,0.856,6091.599999999999
Brand Z,46302,383,12.9,7,0.75,0.7075,0.11600000000000002,4940.7
Brand W,34830,315,33.2,1,0.0,0.5375,0.9280000000000002,10458.0
Brand Z,56555,200,31.1,7,0.75,0.25,0.8440000000000001,6220.0
Brand C,86313,387,14.4,6,0.625,0.7175,0.17600000000000002,5572.8
Brand Y,83440,252,14.7,3,0.25,0.38,0.18799999999999997,3704.3999999999996
Brand Z,44961,471,32.5,7,0.75,0.9275,0.9,15307.5
Brand W,64475,357,31.2,1,0.0,0.6425,0.848,11138.4
Brand B,63805,296,15.9,5,0.5,0.49,0.23600000000000002,4706.400000000001
Brand E,71848,472,20.1,2,0.125,0.93,0.4040000000000001,9487.2
Brand D,35720,218,22.6,9,1.0,0.295,0.504,4926.8
Brand X,57401,314,31.2,8,0.875,0.535,0.848,9796.8
Brand Z,32510,207,34.3,7,0.75,0.2675,0.9719999999999999,7100.099999999999
Brand E,83063,417,13.1,2,0.125,0.7925,0.12399999999999999,5462.7
Brand C,44528,239,16.3,6,0.625,0.3475,0.252,3895.7000000000003
Brand D,31065,405,14.9,9,1.0,0.7625,0.196,6034.5
Brand X,84752,397,31.2,8,0.875,0.7425,0.848,12386.4
Brand Z,32209,422,32.5,7,0.75,0.805,0.9,13715.0
Brand Y,51984,177,34.7,3,0.25,0.1925,0.9880000000000001,6141.900000000001
Brand D,37992,342,26.2,9,1.0,0.605,0.648,8960.4
Brand B,69943,274,15.8,5,0.5,0.435,0.23200000000000004,4329.2
Brand X,59626,265,23.7,8,0.875,0.4125,0.5479999999999999,6280.5
Brand E,31282,480,24.6,2,0.125,0.95,0.5840000000000001,11808.0
Brand W,76374,500,26.3,1,0.0,1.0,0.652,13150.0
Brand B,36798,461,31.9,5,0.5,0.9025,0.8759999999999999,14705.9
Brand E,86743,178,21.9,2,0.125,0.195,0.4759999999999999,3898.2
Brand D,72522,272,12.5,9,1.0,0.43,0.1,3400.0
Brand Y,59179,401,19.1,3,0.25,0.7525,0.36400000000000005,7659.1
Brand E,88828,317,16.0,2,0.125,0.5425,0.24,5072.0
Brand W,34099,395,12.4,1,0.0,0.7375,0.09600000000000002,4898.0
Brand X,54533,181,15.7,8,0.875,0.2025,0.22799999999999998,2841.7
Brand A,70835,302,11.5,4,0.375,0.505,0.06,3473.0
Brand D,96273,317,10.4,9,1.0,0.5425,0.016000000000000014,3296.8
Brand X,52627,431,28.5,8,0.875,0.8275,0.74,12283.5
Brand D,60078,115,10.3,9,1.0,0.0375,0.012000000000000028,1184.5
Brand W,83011,349,28.7,1,0.0,0.6225,0.748,10016.3
Brand C,51934,453,28.0,6,0.625,0.8825,0.72,12684.0
Brand Z,83121,482,10.5,7,0.75,0.955,0.02,5061.0
Brand X,76878,422,14.1,8,0.875,0.805,0.16399999999999998,5950.2
Brand C,93627,278,34.4,6,0.625,0.445,0.976,9563.199999999999
Brand A,91729,325,19.8,4,0.375,0.5625,0.392,6435.0
Brand C,95216,146,18.4,6,0.625,0.115,0.33599999999999997,2686.3999999999996
Brand W,80362,114,20.3,1,0.0,0.035,0.41200000000000003,2314.2000000000003
Brand Z,59416,140,12.6,7,0.75,0.1,0.10399999999999998,1764.0
Brand D,48545,198,19.2,9,1.0,0.245,0.368,3801.6
Brand W,60640,358,34.6,1,0.0,0.645,0.9840000000000001,12386.800000000001
Brand Z,94823,233,30.6,7,0.75,0.3325,0.8240000000000001,7129.8
Brand Y,39046,500,21.6,3,0.25,1.0,0.4640000000000001,10800.0
Brand W,80807,283,32.1,1,0.0,0.4575,0.884,9084.300000000001
Brand D,44152,431,13.5,9,1.0,0.8275,0.14,5818.5
Brand Z,52923,188,29.8,7,0.75,0.22,0.792,5602.400000000001
Brand B,49126,450,20.5,5,0.5,0.875,0.42,9225.0
Brand A,79871,261,33.8,4,0.375,0.4025,0.9519999999999998,8821.8
Brand Y,64565,294,16.2,3,0.25,0.485,0.24799999999999997,4762.8
Brand X,96840,208,27.7,8,0.875,0.27,0.708,5761.599999999999
Brand D,59222,407,11.9,9,1.0,0.7675,0.07600000000000001,4843.3
Brand B,38150,354,10.4,5,0.5,0.635,0.016000000000000014,3681.6
Brand E,37538,160,23.2,2,0.125,0.15,0.528,3712.0
Brand B,94784,134,18.1,5,0.5,0.085,0.32400000000000007,2425.4
Brand B,90681,376,15.8,5,0.5,0.69,0.23200000000000004,5940.8
Brand D,81189,457,21.2,9,1.0,0.8925,0.44799999999999995,9688.4
Brand B,33926,255,15.9,5,0.5,0.3875,0.23600000000000002,4054.5
Brand D,73434,438,31.0,9,1.0,0.845,0.84,13578.0
Brand B,50046,318,16.7,5,0.5,0.545,0.26799999999999996,5310.599999999999
Brand D,94527,183,14.8,9,1.0,0.2075,0.19200000000000003,2708.4
Brand W,94111,425,19.5,1,0.0,0.8125,0.38,8287.5
Brand A,31181,451,13.4,4,0.375,0.8775,0.136,6043.400000000001
Brand Z,37351,176,12.8,7,0.75,0.19,0.11200000000000003,2252.8
Brand Y,86551,128,29.4,3,0.25,0.07,0.7759999999999999,3763.2
Brand Y,66206,349,12.0,3,0.25,0.6225,0.08,4188.0
Brand A,71051,294,31.9,4,0.375,0.485,0.8759999999999999,9378.6
Brand C,48022,139,15.9,6,0.625,0.0975,0.23600000000000002,2210.1
Brand C,89476,339,30.3,6,0.625,0.5975,0.812,10271.7
Brand E,98144,222,24.4,2,0.125,0.305,0.576,5416.799999999999
Brand Z,57238,117,21.3,7,0.75,0.0425,0.452,2492.1
Brand E,93290,136,35.0,2,0.125,0.09,1.0,4760.0
Brand W,60377,200,14.7,1,0.0,0.25,0.18799999999999997,2940.0
Brand Z,39260,210,17.7,7,0.75,0.275,0.308,3717.0
Brand Z,34022,313,25.3,7,0.75,0.5325,0.612,7918.900000000001
Brand A,31662,203,22.5,4,0.375,0.2575,0.5,4567.5
Brand D,32407,356,12.1,9,1.0,0.64,0.08399999999999999,4307.599999999999
Brand C,92237,224,28.0,6,0.625,0.31,0.72,6272.0
Brand A,54785,140,23.5,4,0.375,0.1,0.54,3290.0
Brand W,34963,290,11.8,1,0.0,0.475,0.07200000000000002,3422.0
Brand A,54414,213,10.2,4,0.375,0.2825,0.007999999999999972,2172.6
Brand Z,87011,137,20.4,7,0.75,0.0925,0.4159999999999999,2794.7999999999997
Brand A,46033,476,17.1,4,0.375,0.94,0.28400000000000003,8139.6
Brand A,76676,371,28.2,4,0.375,0.6775,0.728,10462.199999999999
Brand E,40731,159,22.6,2,0.125,0.1475,0.504,3593.4
Brand Y,43186,291,30.7,3,0.25,0.4775,0.828,8933.699999999999
Brand A,95882,253,11.5,4,0.375,0.3825,0.06,2909.5
Brand W,34332,292,31.3,1,0.0,0.48,0.852,9139.6
Brand W,53068,378,13.7,1,0.0,0.695,0.14799999999999996,5178.599999999999
Brand A,68892,349,24.7,4,0.375,0.6225,0.588,8620.3
Brand C,71916,431,12.9,6,0.625,0.8275,0.11600000000000002,5559.900000000001
Brand E,88439,435,20.7,2,0.125,0.8375,0.428,9004.5
Brand B,64747,447,11.3,5,0.5,0.8675,0.052000000000000025,5051.1
Brand W,86496,367,19.1,1,0.0,0.6675,0.36400000000000005,7009.700000000001
Brand X,80716,349,13.6,8,0.875,0.6225,0.144,4746.4
Brand B,55385,340,33.3,5,0.5,0.6,0.9319999999999999,11321.999999999998
Brand D,59933,499,32.9,9,1.0,0.9975,0.9159999999999999,16417.1
Brand A,92412,275,25.5,4,0.375,0.4375,0.62,7012.5
Brand C,98367,461,16.5,6,0.625,0.9025,0.26,7606.5
Brand E,48129,130,29.4,2,0.125,0.075,0.7759999999999999,3822.0
Brand A,94547,183,24.2,4,0.375,0.2075,0.568,4428.599999999999
Brand W,95301,132,18.9,1,0.0,0.08,0.3559999999999999,2494.7999999999997
Brand Y,30001,465,21.2,3,0.25,0.9125,0.44799999999999995,9858.0
Brand D,36707,332,26.9,9,1.0,0.58,0.6759999999999999,8930.8
Brand D,33309,365,11.8,9,1.0,0.6625,0.07200000000000002,4307.0
Brand Y,36337,359,29.4,3,0.25,0.6475,0.7759999999999999,10554.6
Brand D,97053,304,21.0,9,1.0,0.51,0.44,6384.0
Brand B,58528,234,10.0,5,0.5,0.335,0.0,2340.0
Brand D,31838,431,26.1,9,1.0,0.8275,0.644,11249.1
Brand C,75088,381,18.3,6,0.625,0.7025,0.332,6972.3
Brand E,68508,231,28.1,2,0.125,0.3275,0.7240000000000001,6491.1
Brand D,57521,259,30.1,9,1.0,0.3975,0.804,7795.900000000001
Brand X,90593,474,34.1,8,0.875,0.935,0.9640000000000001,16163.400000000001
Brand W,65049,189,27.6,1,0.0,0.2225,0.7040000000000001,5216.400000000001
Brand B,44761,452,16.2,5,0.5,0.88,0.24799999999999997,7322.4
Brand E,94754,472,30.6,2,0.125,0.93,0.8240000000000001,14443.2
Brand X,41610,384,13.2,8,0.875,0.71,0.12799999999999997,5068.799999999999
Brand B,96605,109,24.5,5,0.5,0.0225,0.58,2670.5
Brand C,92009,361,28.4,6,0.625,0.6525,0.736,10252.4
Brand A,49750,175,23.1,4,0.375,0.1875,0.524,4042.5000000000005
Brand A,75846,375,12.5,4,0.375,0.6875,0.1,4687.5
Brand D,78270,169,30.5,9,1.0,0.1725,0.82,5154.5
Brand Z,52276,396,19.6,7,0.75,0.74,0.38400000000000006,7761.6
Brand X,66744,224,12.3,8,0.875,0.31,0.09200000000000003,2755.2000000000003
Brand A,48512,163,19.5,4,0.375,0.1575,0.38,3178.5
Brand D,67754,244,20.1,9,1.0,0.36,0.4040000000000001,4904.400000000001
Brand C,85226,452,11.3,6,0.625,0.88,0.052000000000000025,5107.6
Brand Y,44910,274,21.1,3,0.25,0.435,0.44400000000000006,5781.400000000001
Brand E,91232,437,30.6,2,0.125,0.8425,0.8240000000000001,13372.2
Brand A,34537,246,25.4,4,0.375,0.365,0.616,6248.4
Brand A,31600,482,29.1,4,0.375,0.955,0.764,14026.2
Brand Y,52864,102,21.4,3,0.25,0.005,0.45599999999999996,2182.7999999999997
Brand E,66118,340,27.9,2,0.125,0.6,0.716,9486.0
Brand B,98850,406,15.8,5,0.5,0.765,0.23200000000000004,6414.8
Brand C,49858,102,25.4,6,0.625,0.005,0.616,2590.7999999999997
Brand E,49241,218,20.2,2,0.125,0.295,0.408,4403.599999999999
Brand C,59276,342,17.7,6,0.625,0.605,0.308,6053.4
Brand C,50206,294,16.5,6,0.625,0.485,0.26,4851.0
Brand C,32898,258,22.9,6,0.625,0.395,0.5159999999999999,5908.2
Brand Y,85356,335,24.6,3,0.25,0.5875,0.5840000000000001,8241.0
Brand X,64204,477,34.8,8,0.875,0.9425,0.9919999999999999,16599.6
Brand Y,34756,157,30.2,3,0.25,0.1425,0.8079999999999999,4741.4
Brand D,72671,169,26.5,9,1.0,0.1725,0.66,4478.5
Brand Z,46419,275,31.6,7,0.75,0.4375,0.8640000000000001,8690.0
Brand X,78019,433,30.0,8,0.875,0.8325,0.8,12990.0
Brand W,42693,299,28.5,1,0.0,0.4975,0.74,8521.5
Brand W,65817,345,23.3,1,0.0,0.6125,0.532,8038.5
Brand Y,55438,120,33.2,3,0.25,0.05,0.9280000000000002,3984.0000000000005
Brand W,72982,406,27.5,1,0.0,0.765,0.7,11165.0
Brand B,85253,332,24.4,5,0.5,0.58,0.576,8100.799999999999
Brand W,55823,174,18.3,1,0.0,0.185,0.332,3184.2000000000003
Brand C,75343,361,34.5,6,0.625,0.6525,0.98,12454.5
Brand Z,99025,342,12.0,7,0.75,0.605,0.08,4104.0
Brand A,83617,249,10.3,4,0.375,0.3725,0.012000000000000028,2564.7000000000003
Brand W,70713,271,19.8,1,0.0,0.4275,0.392,5365.8
Brand Z,78792,301,17.7,7,0.75,0.5025,0.308,5327.7
Brand D,71902,453,24.5,9,1.0,0.8825,0.58,11098.5
Brand D,51423,100,10.2,9,1.0,0.0,0.007999999999999972,1019.9999999999999
Brand X,65501,269,25.0,8,0.875,0.4225,0.6,6725.0
Brand Z,94683,407,30.4,7,0.75,0.7675,0.816,12372.8
Brand B,56270,378,31.7,5,0.5,0.695,0.868,11982.6
Brand B,83684,131,18.6,5,0.5,0.0775,0.3440000000000001,2436.6000000000004
Brand C,38896,431,34.1,6,0.625,0.8275,0.9640000000000001,14697.1
Brand Y,50761,184,16.8,3,0.25,0.21,0.272,3091.2000000000003
Brand Y,33463,424,11.5,3,0.25,0.81,0.06,4876.0
Brand W,88506,261,19.4,1,0.0,0.4025,0.37599999999999995,5063.4
Brand A,44379,170,26.8,4,0.375,0.175,0.672,4556.0
Brand A,86056,100,18.3,4,0.375,0.0,0.332,1830.0
Brand B,31436,114,27.4,5,0.5,0.035,0.696,3123.6
Brand D,62879,128,14.3,9,1.0,0.07,0.17200000000000004,1830.4
Brand E,44018,476,24.1,2,0.125,0.94,0.5640000000000001,11471.6
Brand C,49594,175,24.6,6,0.625,0.1875,0.5840000000000001,4305.0
Brand Y,58403,198,26.3,3,0.25,0.245,0.652,5207.400000000001
Brand D,45321,436,19.5,9,1.0,0.84,0.38,8502.0
Brand D,47666,270,20.7,9,1.0,0.425,0.428,5589.0
Brand C,76017,132,22.9,6,0.625,0.08,0.5159999999999999,3022.7999999999997
Brand A,89863,340,29.7,4,0.375,0.6,0.7879999999999999,10098.0
Brand C,65121,400,29.1,6,0.625,0.75,0.764,11640.0
Brand A,33376,472,11.2,4,0.375,0.93,0.04799999999999997,5286.4
Brand B,39241,346,10.8,5,0.5,0.615,0.03200000000000003,3736.8
Brand W,76602,180,29.0,1,0.0,0.2,0.76,5220.0
Brand E,46762,131,33.4,2,0.125,0.0775,0.9359999999999999,4375.4
Brand A,78386,408,29.0,4,0.375,0.77,0.76,11832.0
Brand W,54810,210,20.0,1,0.0,0.275,0.4,4200.0
Brand E,36639,115,18.8,2,0.125,0.0375,0.35200000000000004,2162.0
Brand B,48905,484,20.7,5,0.5,0.96,0.428,10018.8
Brand E,90904,497,16.1,2,0.125,0.9925,0.24400000000000005,8001.700000000001
Brand W,99480,381,16.4,1,0.0,0.7025,0.25599999999999995,6248.4
Brand E,86931,226,17.3,2,0.125,0.315,0.29200000000000004,3909.8
Brand X,30973,329,33.9,8,0.875,0.5725,0.956,11153.1
Brand C,45142,234,10.7,6,0.625,0.335,0.027999999999999973,2503.7999999999997
Brand Z,47384,293,15.8,7,0.75,0.4825,0.23200000000000004,4629.400000000001
Brand Z,64485,378,25.5,7,0.75,0.695,0.62,9639.0
Brand Z,97568,210,11.1,7,0.75,0.275,0.043999999999999984,2331.0
Brand C,66689,137,16.7,6,0.625,0.0925,0.26799999999999996,2287.9
Brand Z,71316,293,31.3,7,0.75,0.4825,0.852,9170.9
Brand D,84341,152,16.0,9,1.0,0.13,0.24,2432.0
Brand Y,64313,246,23.3,3,0.25,0.365,0.532,5731.8
Brand Y,50237,470,11.6,3,0.25,0.925,0.06399999999999999,5452.0
Brand W,31847,167,11.7,1,0.0,0.1675,0.06799999999999998,1953.8999999999999
Brand X,98447,430,30.0,8,0.875,0.825,0.8,12900.0
Brand D,91221,374,18.2,9,1.0,0.685,0.32799999999999996,6806.8
Brand B,66445,143,17.8,5,0.5,0.1075,0.31200000000000006,2545.4
Brand A,83235,321,14.7,4,0.375,0.5525,0.18799999999999997,4718.7
Brand Y,65593,153,22.9,3,0.25,0.1325,0.5159999999999999,3503.7
Brand Z,85764,195,25.3,7,0.75,0.2375,0.612,4933.5
Brand D,78500,285,28.9,9,1.0,0.4625,0.7559999999999999,8236.5
Brand A,74535,223,15.3,4,0.375,0.3075,0.21200000000000002,3411.9
Brand D,31302,324,22.0,9,1.0,0.56,0.48,7128.0
Brand E,92519,452,10.2,2,0.125,0.88,0.007999999999999972,4610.4
Brand Y,72976,479,13.8,3,0.25,0.9475,0.15200000000000002,6610.200000000001
Brand Y,39822,396,19.7,3,0.25,0.74,0.38799999999999996,7801.2
Brand E,93107,386,27.4,2,0.125,0.715,0.696,10576.4
Brand A,48612,206,17.0,4,0.375,0.265,0.28,3502.0
Brand Y,88829,483,20.5,3,0.25,0.9575,0.42,9901.5
Brand X,39856,323,23.2,8,0.875,0.5575,0.528,7493.599999999999
Brand W,78459,273,18.0,1,0.0,0.4325,0.32,4914.0
Brand E,55791,310,16.4,2,0.125,0.525,0.25599999999999995,5084.0
Brand C,75063,387,19.6,6,0.625,0.7175,0.38400000000000006,7585.200000000001
Brand A,56764,289,21.4,4,0.375,0.4725,0.45599999999999996,6184.599999999999
Brand E,44259,190,16.0,2,0.125,0.225,0.24,3040.0
Brand D,37382,316,18.3,9,1.0,0.54,0.332,5782.8
Brand X,87028,153,26.1,8,0.875,0.1325,0.644,3993.3
Brand D,30943,341,19.5,9,1.0,0.6025,0.38,6649.5
Brand Z,61144,121,21.0,7,0.75,0.0525,0.44,2541.0
Brand C,71918,337,27.0,6,0.625,0.5925,0.68,9099.0
Brand D,77096,277,18.8,9,1.0,0.4425,0.35200000000000004,5207.6
Brand Y,49574,279,12.2,3,0.25,0.4475,0.08799999999999997,3403.7999999999997
Brand B,39363,375,20.0,5,0.5,0.6875,0.4,7500.0
Brand B,34221,332,18.5,5,0.5,0.58,0.34,6142.0
Brand E,88438,168,24.5,2,0.125,0.17,0.58,4116.0
Brand A,50353,369,27.8,4,0.375,0.6725,0.7120000000000001,10258.2
Brand E,63800,242,35.0,2,0.125,0.355,1.0,8470.0
Brand B,90449,296,21.0,5,0.5,0.49,0.44,6216.0
Brand B,60938,322,34.3,5,0.5,0.555,0.9719999999999999,11044.599999999999
Brand D,33106,205,19.6,9,1.0,0.2625,0.38400000000000006,4018.0000000000005
Brand Y,51122,481,13.7,3,0.25,0.9525,0.14799999999999996,6589.7
Brand B,71185,307,21.6,5,0.5,0.5175,0.4640000000000001,6631.200000000001
Brand C,75183,101,17.3,6,0.625,0.0025,0.29200000000000004,1747.3000000000002
Brand C,31727,211,13.9,6,0.625,0.2775,0.15600000000000003,2932.9
Brand D,76106,220,17.6,9,1.0,0.3,0.30400000000000005,3872.0000000000005
Brand D,63561,294,31.1,9,1.0,0.485,0.8440000000000001,9143.4
Brand W,53323,172,16.9,1,0.0,0.18,0.27599999999999997,2906.7999999999997
Brand E,80449,108,27.1,2,0.125,0.02,0.684,2926.8
Brand B,91533,292,34.4,5,0.5,0.48,0.976,10044.8
Brand X,31005,280,29.9,8,0.875,0.45,0.7959999999999999,8372.0
Brand B,76365,250,23.7,5,0.5,0.375,0.5479999999999999,5925.0
Brand E,68841,373,19.5,2,0.125,0.6825,0.38,7273.5
Brand Z,72771,393,34.9,7,0.75,0.7325,0.996,13715.699999999999
Brand W,87291,308,26.2,1,0.0,0.52,0.648,8069.599999999999
Brand X,83533,127,25.5,8,0.875,0.0675,0.62,3238.5
Brand C,56332,376,20.5,6,0.625,0.69,0.42,7708.0
Brand E,76522,248,28.4,2,0.125,0.37,0.736,7043.2
Brand B,38192,496,22.3,5,0.5,0.99,0.49200000000000005,11060.800000000001
Brand C,69835,484,13.9,6,0.625,0.96,0.15600000000000003,6727.6
Brand A,70902,246,30.6,4,0.375,0.365,0.8240000000000001,7527.6
Brand C,64592,330,29.5,6,0.625,0.575,0.78,9735.0
Brand W,75839,343,22.2,1,0.0,0.6075,0.488,7614.599999999999
Brand B,32522,492,23.1,5,0.5,0.98,0.524,11365.2
Brand Z,36535,433,18.1,7,0.75,0.8325,0.32400000000000007,7837.3
Brand Y,88046,168,33.5,3,0.25,0.17,0.94,5628.0
Brand A,59600,349,24.2,4,0.375,0.6225,0.568,8445.8
Brand X,35908,182,31.9,8,0.875,0.205,0.8759999999999999,5805.8
Brand W,72974,150,33.1,1,0.0,0.125,0.924,4965.0
Brand W,53806,497,19.4,1,0.0,0.9925,0.37599999999999995,9641.8
Brand E,54205,264,16.8,2,0.125,0.41,0.272,4435.2
Brand E,55313,473,18.3,2,0.125,0.9325,0.332,8655.9
Brand B,71229,359,12.9,5,0.5,0.6475,0.11600000000000002,4631.1
Brand W,66275,323,13.7,1,0.0,0.5575,0.14799999999999996,4425.099999999999
Brand X,84850,188,15.8,8,0.875,0.22,0.23200000000000004,2970.4
Brand E,61812,185,33.0,2,0.125,0.2125,0.92,6105.0
Brand Z,72235,253,14.3,7,0.75,0.3825,0.17200000000000004,3617.9
Brand Y,58407,387,33.1,3,0.25,0.7175,0.924,12809.7
Brand D,80985,172,20.1,9,1.0,0.18,0.4040000000000001,3457.2000000000003
Brand A,40398,150,30.1,4,0.375,0.125,0.804,4515.0
Brand C,55465,400,11.4,6,0.625,0.75,0.056000000000000015,4560.0
Brand Z,31743,186,31.5,7,0.75,0.215,0.86,5859.0
Brand Y,77180,260,31.1,3,0.25,0.4,0.8440000000000001,8086.0
Brand E,81336,446,34.1,2,0.125,0.865,0.9640000000000001,15208.6
Brand D,42672,165,26.2,9,1.0,0.1625,0.648,4323.0
Brand D,44391,285,24.8,9,1.0,0.4625,0.5920000000000001,7068.0
Brand W,76034,275,15.1,1,0.0,0.4375,0.204,4152.5
Brand A,96484,444,28.9,4,0.375,0.86,0.7559999999999999,12831.599999999999
Brand B,38850,456,32.3,5,0.5,0.89,0.8919999999999999,14728.8
Brand X,86932,282,32.7,8,0.875,0.455,0.9080000000000001,9221.400000000001
Brand C,35956,333,11.6,6,0.625,0.5825,0.06399999999999999,3862.7999999999997
Brand W,86440,270,26.2,1,0.0,0.425,0.648,7074.0
Brand W,75155,313,12.7,1,0.0,0.5325,0.10799999999999997,3975.1
Brand E,82161,188,35.0,2,0.125,0.22,1.0,6580.0
Brand A,38930,242,20.0,4,0.375,0.355,0.4,4840.0
Brand D,69829,359,28.3,9,1.0,0.6475,0.732,10159.7
Brand X,45330,309,23.4,8,0.875,0.5225,0.5359999999999999,7230.599999999999
Brand Y,35114,318,33.7,3,0.25,0.545,0.9480000000000001,10716.6
Brand X,48390,252,25.7,8,0.875,0.38,0.628,6476.4
Brand D,99608,346,12.1,9,1.0,0.615,0.08399999999999999,4186.599999999999
Brand X,91753,337,13.3,8,0.875,0.5925,0.13200000000000003,4482.1
Brand X,37796,388,10.4,8,0.875,0.72,0.016000000000000014,4035.2000000000003
Brand B,50165,366,23.7,5,0.5,0.665,0.5479999999999999,8674.199999999999
Brand C,60479,432,24.8,6,0.625,0.83,0.5920000000000001,10713.6
Brand A,65286,201,15.9,4,0.375,0.2525,0.23600000000000002,3195.9
Brand C,95003,378,21.8,6,0.625,0.695,0.47200000000000003,8240.4
Brand Y,64309,252,23.2,3,0.25,0.38,0.528,5846.4
Brand B,71281,152,24.1,5,0.5,0.13,0.5640000000000001,3663.2000000000003
Brand C,92767,278,15.3,6,0.625,0.445,0.21200000000000002,4253.400000000001
Brand E,81021,486,11.0,2,0.125,0.965,0.04,5346.0
Brand Y,58605,146,15.1,3,0.25,0.115,0.204,2204.6
Brand A,66807,379,25.4,4,0.375,0.6975,0.616,9626.6
Brand C,85904,372,11.8,6,0.625,0.68,0.07200000000000002,4389.6
Brand C,32628,416,33.3,6,0.625,0.79,0.9319999999999999,13852.8
Brand D,91079,372,17.3,9,1.0,0.68,0.29200000000000004,6435.6
Brand W,41076,470,24.8,1,0.0,0.925,0.5920000000000001,11656.0
Brand Z,60237,387,22.8,7,0.75,0.7175,0.512,8823.6
Brand X,92877,340,34.9,8,0.875,0.6,0.996,11866.0
Brand D,76630,422,10.8,9,1.0,0.805,0.03200000000000003,4557.6
Brand Z,96625,413,12.2,7,0.75,0.7825,0.08799999999999997,5038.599999999999
Brand X,90523,361,10.5,8,0.875,0.6525,0.02,3790.5
Brand W,58818,484,17.2,1,0.0,0.96,0.288,8324.8
Brand W,64867,299,13.3,1,0.0,0.4975,0.13200000000000003,3976.7000000000003
Brand D,83017,291,32.8,9,1.0,0.4775,0.9119999999999999,9544.8
Brand A,96630,244,13.6,4,0.375,0.36,0.144,3318.4
Brand D,70614,207,33.7,9,1.0,0.2675,0.9480000000000001,6975.900000000001
Brand B,49723,295,12.6,5,0.5,0.4875,0.10399999999999998,3717.0
Brand X,43467,110,35.0,8,0.875,0.025,1.0,3850.0
Brand B,67384,201,12.8,5,0.5,0.2525,0.11200000000000003,2572.8
Brand E,68669,202,28.3,2,0.125,0.255,0.732,5716.6
Brand X,75586,238,26.3,8,0.875,0.345,0.652,6259.400000000001
Brand D,68136,172,30.2,9,1.0,0.18,0.8079999999999999,5194.4
Brand C,56032,329,13.8,6,0.625,0.5725,0.15200000000000002,4540.2
Brand Y,97259,314,33.2,3,0.25,0.535,0.9280000000000002,10424.800000000001
Brand C,97974,170,20.7,6,0.625,0.175,0.428,3519.0
Brand E,80007,218,23.6,2,0.125,0.295,0.544,5144.8
Brand Y,42677,153,12.7,3,0.25,0.1325,0.10799999999999997,1943.1
Brand Z,63670,215,28.9,7,0.75,0.2875,0.7559999999999999,6213.5
Brand Z,37521,197,23.4,7,0.75,0.2425,0.5359999999999999,4609.799999999999
Brand X,67829,443,28.1,8,0.875,0.8575,0.7240000000000001,12448.300000000001
Brand A,43999,481,12.3,4,0.375,0.9525,0.09200000000000003,5916.3
Brand B,39646,452,16.0,5,0.5,0.88,0.24,7232.0
Brand C,72030,305,10.5,6,0.625,0.5125,0.02,3202.5
Brand W,54784,294,14.7,1,0.0,0.485,0.18799999999999997,4321.8
Brand E,89287,392,14.3,2,0.125,0.73,0.17200000000000004,5605.6
Brand B,46593,270,32.5,5,0.5,0.425,0.9,8775.0
Brand W,88187,436,28.0,1,0.0,0.84,0.72,12208.0
Brand E,84484,315,23.2,2,0.125,0.5375,0.528,7308.0
Brand X,69389,372,28.4,8,0.875,0.68,0.736,10564.8
Brand B,98972,251,16.7,5,0.5,0.3775,0.26799999999999996,4191.7
Brand E,56475,191,21.4,2,0.125,0.2275,0.45599999999999996,4087.3999999999996
Brand X,86108,369,15.1,8,0.875,0.6725,0.204,5571.9
Brand C,38746,406,16.9,6,0.625,0.765,0.27599999999999997,6861.4
Brand Y,80184,100,30.6,3,0.25,0.0,0.8240000000000001,3060.0
Brand E,77171,309,28.6,2,0.125,0.5225,0.7440000000000001,8837.4
Brand D,88021,455,24.7,9,1.0,0.8875,0.588,11238.5
Brand Z,77372,190,31.2,7,0.75,0.225,0.848,5928.0
Brand D,62175,393,23.5,9,1.0,0.7325,0.54,9235.5
Brand C,90777,365,27.8,6,0.625,0.6625,0.7120000000000001,10147.0
Brand E,56164,239,25.8,2,0.125,0.3475,0.632,6166.2
Brand D,64275,270,19.0,9,1.0,0.425,0.36,5130.0
Brand A,86236,414,33.6,4,0.375,0.785,0.9440000000000001,13910.400000000001
Brand Z,44930,136,16.4,7,0.75,0.09,0.25599999999999995,2230.3999999999996
Brand X,95270,349,23.9,8,0.875,0.6225,0.5559999999999999,8341.1
Brand A,89794,199,11.3,4,0.375,0.2475,0.052000000000000025,2248.7000000000003
Brand D,97961,138,30.0,9,1.0,0.095,0.8,4140.0
Brand Z,85449,356,13.0,7,0.75,0.64,0.12,4628.0
Brand X,33159,473,25.3,8,0.875,0.9325,0.612,11966.9
Brand E,60429,411,18.3,2,0.125,0.7775,0.332,7521.3
Brand Y,41836,205,13.6,3,0.25,0.2625,0.144,2788.0
Brand B,77828,494,33.8,5,0.5,0.985,0.9519999999999998,16697.199999999997
Brand Z,32643,458,28.8,7,0.75,0.895,0.752,13190.4
Brand W,71043,170,31.2,1,0.0,0.175,0.848,5304.0
Brand C,76510,378,26.4,6,0.625,0.695,0.6559999999999999,9979.199999999999
Brand W,94025,172,19.6,1,0.0,0.18,0.38400000000000006,3371.2000000000003
Brand B,77633,363,28.1,5,0.5,0.6575,0.7240000000000001,10200.300000000001
Brand X,74483,167,18.5,8,0.875,0.1675,0.34,3089.5
Brand W,33916,154,28.1,1,0.0,0.135,0.7240000000000001,4327.400000000001
Brand D,79732,231,18.1,9,1.0,0.3275,0.32400000000000007,4181.1
Brand E,93297,215,23.0,2,0.125,0.2875,0.52,4945.0
Brand B,85486,222,19.2,5,0.5,0.305,0.368,4262.4
Brand D,84866,348,16.4,9,1.0,0.62,0.25599999999999995,5707.2
Brand B,91604,148,30.2,5,0.5,0.12,0.8079999999999999,4469.599999999999
Brand C,60099,443,27.8,6,0.625,0.8575,0.7120000000000001,12315.4
Brand X,61679,207,28.8,8,0.875,0.2675,0.752,5961.6
Brand X,90424,353,22.0,8,0.875,0.6325,0.48,7766.0
Brand Z,70428,133,32.6,7,0.75,0.0825,0.904,4335.8
Brand X,46317,300,24.9,8,0.875,0.5,0.596,7470.0
Brand A,63079,297,31.7,4,0.375,0.4925,0.868,9414.9
Brand D,31081,251,15.5,9,1.0,0.3775,0.22,3890.5
Brand Z,97062,255,18.4,7,0.75,0.3875,0.33599999999999997,4692.0
Brand W,52316,414,10.8,1,0.0,0.785,0.03200000000000003,4471.200000000001
Brand X,45251,115,12.0,8,0.875,0.0375,0.08,1380.0
Brand B,68405,110,12.1,5,0.5,0.025,0.08399999999999999,1331.0
Brand C,64068,251,28.1,6,0.625,0.3775,0.7240000000000001,7053.1
Brand W,44218,397,21.5,1,0.0,0.7425,0.46,8535.5
Brand Y,75729,107,12.1,3,0.25,0.0175,0.08399999999999999,1294.7
Brand D,93092,107,24.8,9,1.0,0.0175,0.5920000000000001,2653.6
Brand B,85346,158,23.5,5,0.5,0.145,0.54,3713.0
Brand Y,38410,331,29.8,3,0.25,0.5775,0.792,9863.800000000001
Brand B,97751,390,18.3,5,0.5,0.725,0.332,7137.0
Brand E,85010,388,14.3,2,0.125,0.72,0.17200000000000004,5548.400000000001
Brand D,46301,294,32.8,9,1.0,0.485,0.9119999999999999,9643.199999999999
Brand W,87460,344,19.0,1,0.0,0.61,0.36,6536.0
Brand W,68975,400,13.0,1,0.0,0.75,0.12,5200.0
Brand D,75006,414,14.7,9,1.0,0.785,0.18799999999999997,6085.799999999999
Brand B,41238,216,32.0,5,0.5,0.29,0.88,6912.0
Brand W,47467,473,23.5,1,0.0,0.9325,0.54,11115.5
Brand Y,44422,381,31.5,3,0.25,0.7025,0.86,12001.5
Brand Z,42930,279,11.8,7,0.75,0.4475,0.07200000000000002,3292.2000000000003
Brand D,60122,460,21.0,9,1.0,0.9,0.44,9660.0
Brand B,66154,406,29.9,5,0.5,0.765,0.7959999999999999,12139.4
Brand W,96043,478,24.9,1,0.0,0.945,0.596,11902.199999999999
Brand D,91652,162,22.0,9,1.0,0.155,0.48,3564.0
Brand Y,56848,114,30.5,3,0.25,0.035,0.82,3477.0
Brand D,50394,173,13.0,9,1.0,0.1825,0.12,2249.0
Brand C,74128,254,29.4,6,0.625,0.385,0.7759999999999999,7467.599999999999
Brand C,73289,419,27.3,6,0.625,0.7975,0.6920000000000001,11438.7
Brand D,89075,237,17.7,9,1.0,0.3425,0.308,4194.9
Brand Z,68237,222,21.8,7,0.75,0.305,0.47200000000000003,4839.6
Brand Z,58322,152,10.6,7,0.75,0.13,0.023999999999999987,1611.2
Brand Z,72416,246,25.1,7,0.75,0.365,0.6040000000000001,6174.6
Brand B,77161,376,16.0,5,0.5,0.69,0.24,6016.0
Brand Z,30588,287,28.4,7,0.75,0.4675,0.736,8150.799999999999
Brand Y,53590,118,26.6,3,0.25,0.045,0.664,3138.8
Brand W,79720,131,21.6,1,0.0,0.0775,0.4640000000000001,2829.6000000000004
Brand Y,55840,489,28.3,3,0.25,0.9725,0.732,13838.7
Brand A,41824,346,33.8,4,0.375,0.615,0.9519999999999998,11694.8
Brand C,86170,151,27.9,6,0.625,0.1275,0.716,4212.9
Brand C,30947,255,34.9,6,0.625,0.3875,0.996,8899.5
Brand C,82804,306,20.7,6,0.625,0.515,0.428,6334.2
Brand C,95145,228,18.9,6,0.625,0.32,0.3559999999999999,4309.2
Brand Z,65892,443,11.5,7,0.75,0.8575,0.06,5094.5
Brand Z,97905,369,17.1,7,0.75,0.6725,0.28400000000000003,6309.900000000001
Brand B,42487,473,22.4,5,0.5,0.9325,0.49599999999999994,10595.199999999999
Brand B,34604,104,32.9,5,0.5,0.01,0.9159999999999999,3421.6
Brand B,77429,448,28.2,5,0.5,0.87,0.728,12633.6
Brand C,80662,344,23.6,6,0.625,0.61,0.544,8118.400000000001
Brand E,30095,443,24.2,2,0.125,0.8575,0.568,10720.6
Brand Z,66724,289,11.8,7,0.75,0.4725,0.07200000000000002,3410.2000000000003
Brand E,80558,404,11.5,2,0.125,0.76,0.06,4646.0
Brand W,93145,312,33.6,1,0.0,0.53,0.9440000000000001,10483.2
Brand W,45332,453,16.0,1,0.0,0.8825,0.24,7248.0
Brand C,83604,121,13.8,6,0.625,0.0525,0.15200000000000002,1669.8000000000002
Brand E,65186,211,25.1,2,0.125,0.2775,0.6040000000000001,5296.1
Brand Y,53694,459,27.8,3,0.25,0.8975,0.7120000000000001,12760.2
Brand X,34062,372,27.4,8,0.875,0.68,0.696,10192.8
Brand B,34924,460,18.6,5,0.5,0.9,0.3440000000000001,8556.0
Brand Y,39514,445,28.6,3,0.25,0.8625,0.7440000000000001,12727.0
Brand Z,34110,461,20.0,7,0.75,0.9025,0.4,9220.0
Brand Z,71939,164,33.5,7,0.75,0.16,0.94,5494.0
Brand A,40979,474,24.8,4,0.375,0.935,0.5920000000000001,11755.2
Brand Y,46958,396,15.9,3,0.25,0.74,0.23600000000000002,6296.400000000001
Brand Z,90222,295,12.2,7,0.75,0.4875,0.08799999999999997,3599.0
Brand E,60037,374,21.3,2,0.125,0.685,0.452,7966.2
Brand W,40505,264,32.3,1,0.0,0.41,0.8919999999999999,8527.199999999999
Brand C,99207,357,29.4,6,0.625,0.6425,0.7759999999999999,10495.8
Brand D,88173,255,32.4,9,1.0,0.3875,0.8959999999999999,8262.0
Brand A,99860,329,11.1,4,0.375,0.5725,0.043999999999999984,3651.9
Brand X,51005,490,20.6,8,0.875,0.975,0.42400000000000004,10094.0
Brand C,34951,254,23.1,6,0.625,0.385,0.524,5867.400000000001
Brand B,47995,165,20.1,5,0.5,0.1625,0.4040000000000001,3316.5000000000005
Brand E,96881,190,17.2,2,0.125,0.225,0.288,3268.0
Brand D,66715,277,30.8,9,1.0,0.4425,0.8320000000000001,8531.6
Brand C,92372,358,18.1,6,0.625,0.645,0.32400000000000007,6479.8
Brand B,82910,272,14.3,5,0.5,0.43,0.17200000000000004,3889.6000000000004
Brand A,68562,453,28.5,4,0.375,0.8825,0.74,12910.5
Brand A,75058,129,17.2,4,0.375,0.0725,0.288,2218.7999999999997
Brand Y,84394,366,21.9,3,0.25,0.665,0.4759999999999999,8015.4
Brand Y,78424,365,17.2,3,0.25,0.6625,0.288,6278.0
Brand B,40786,453,11.5,5,0.5,0.8825,0.06,5209.5
Brand Z,91153,450,16.1,7,0.75,0.875,0.24400000000000005,7245.000000000001
Brand E,65393,461,20.5,2,0.125,0.9025,0.42,9450.5
Brand B,96597,169,13.7,5,0.5,0.1725,0.14799999999999996,2315.2999999999997
Brand Z,64441,480,23.0,7,0.75,0.95,0.52,11040.0
Brand E,32497,389,15.2,2,0.125,0.7225,0.20799999999999996,5912.799999999999
Brand Z,32890,118,10.6,7,0.75,0.045,0.023999999999999987,1250.8
Brand E,73428,357,32.3,2,0.125,0.6425,0.8919999999999999,11531.099999999999
Brand A,77592,476,19.2,4,0.375,0.94,0.368,9139.199999999999
Brand D,45956,249,12.8,9,1.0,0.3725,0.11200000000000003,3187.2000000000003
Brand Z,85745,264,28.4,7,0.75,0.41,0.736,7497.599999999999
Brand W,65684,349,31.4,1,0.0,0.6225,0.856,10958.6
Brand Y,67921,180,11.7,3,0.25,0.2,0.06799999999999998,2106.0
Brand D,56212,392,33.2,9,1.0,0.73,0.9280000000000002,13014.400000000001
Brand Z,94740,313,32.9,7,0.75,0.5325,0.9159999999999999,10297.699999999999
Brand C,41184,477,26.4,6,0.625,0.9425,0.6559999999999999,12592.8
Brand D,84565,204,21.5,9,1.0,0.26,0.46,4386.0
Brand Z,51147,232,27.4,7,0.75,0.33,0.696,6356.799999999999
Brand A,60738,373,21.0,4,0.375,0.6825,0.44,7833.0
Brand E,36517,281,30.3,2,0.125,0.4525,0.812,8514.300000000001
Brand A,83928,264,21.6,4,0.375,0.41,0.4640000000000001,5702.400000000001
Brand X,40091,489,14.6,8,0.875,0.9725,0.184,7139.4
Brand Z,36478,205,12.7,7,0.75,0.2625,0.10799999999999997,2603.5
Brand A,34137,183,25.6,4,0.375,0.2075,0.6240000000000001,4684.8
Brand X,52831,188,13.0,8,0.875,0.22,0.12,2444.0
Brand W,44434,143,14.9,1,0.0,0.1075,0.196,2130.7000000000003
Brand A,69895,451,23.7,4,0.375,0.8775,0.5479999999999999,10688.699999999999
Brand Z,32429,439,22.1,7,0.75,0.8475,0.48400000000000004,9701.900000000001
Brand D,92467,288,11.8,9,1.0,0.47,0.07200000000000002,3398.4
Brand X,48089,141,19.3,8,0.875,0.1025,0.37200000000000005,2721.3
Brand B,75505,198,18.2,5,0.5,0.245,0.32799999999999996,3603.6
Brand C,67980,168,19.1,6,0.625,0.17,0.36400000000000005,3208.8
Brand W,83066,371,12.8,1,0.0,0.6775,0.11200000000000003,4748.8
Brand W,66320,277,25.5,1,0.0,0.4425,0.62,7063.5
Brand A,80998,123,22.1,4,0.375,0.0575,0.48400000000000004,2718.3
Brand Y,90173,459,14.1,3,0.25,0.8975,0.16399999999999998,6471.9
Brand A,58300,266,34.5,4,0.375,0.415,0.98,9177.0
Brand Y,93846,487,31.8,3,0.25,0.9675,0.872,15486.6
Brand D,94707,459,24.0,9,1.0,0.8975,0.56,11016.0
Brand A,59802,381,27.5,4,0.375,0.7025,0.7,10477.5
Brand W,38355,434,20.9,1,0.0,0.835,0.43599999999999994,9070.599999999999
Brand A,62010,389,31.4,4,0.375,0.7225,0.856,12214.599999999999
Brand W,94323,393,16.9,1,0.0,0.7325,0.27599999999999997,6641.7
Brand A,85433,362,14.7,4,0.375,0.655,0.18799999999999997,5321.4
Brand W,59917,317,30.1,1,0.0,0.5425,0.804,9541.7
Brand W,44468,450,29.4,1,0.0,0.875,0.7759999999999999,13230.0
Brand B,79601,311,13.6,5,0.5,0.5275,0.144,4229.599999999999
Brand E,66341,481,31.5,2,0.125,0.9525,0.86,15151.5
Brand Y,38565,273,31.4,3,0.25,0.4325,0.856,8572.199999999999
Brand B,72454,235,30.7,5,0.5,0.3375,0.828,7214.5
Brand E,58386,436,33.9,2,0.125,0.84,0.956,14780.4
Brand X,70842,360,30.2,8,0.875,0.65,0.8079999999999999,10872.0
Brand A,54823,219,23.2,4,0.375,0.2975,0.528,5080.8
Brand C,36700,124,22.2,6,0.625,0.06,0.488,2752.7999999999997
Brand Z,65160,231,31.8,7,0.75,0.3275,0.872,7345.8
Brand Z,85741,262,17.6,7,0.75,0.405,0.30400000000000005,4611.200000000001
Brand Z,59956,108,27.7,7,0.75,0.02,0.708,2991.6
Brand Z,52695,402,25.7,7,0.75,0.755,0.628,10331.4
Brand Y,59104,182,13.5,3,0.25,0.205,0.14,2457.0
Brand C,58018,275,33.8,6,0.625,0.4375,0.9519999999999998,9295.0
Brand Y,83105,213,20.6,3,0.25,0.2825,0.42400000000000004,4387.8
Brand W,57816,357,23.2,1,0.0,0.6425,0.528,8282.4
Brand A,61036,140,24.2,4,0.375,0.1,0.568,3388.0
Brand C,81433,182,23.7,6,0.625,0.205,0.5479999999999999,4313.4
Brand Z,42021,297,32.1,7,0.75,0.4925,0.884,9533.7
Brand X,82015,384,28.9,8,0.875,0.71,0.7559999999999999,11097.599999999999
Brand E,92423,398,18.9,2,0.125,0.745,0.3559999999999999,7522.2
Brand E,44282,496,12.5,2,0.125,0.99,0.1,6200.0
Brand B,59084,392,33.7,5,0.5,0.73,0.9480000000000001,13210.400000000001
Brand C,53285,498,19.8,6,0.625,0.995,0.392,9860.4
Brand C,32263,311,13.5,6,0.625,0.5275,0.14,4198.5
Brand X,54647,268,22.6,8,0.875,0.42,0.504,6056.8
Brand Z,83292,400,14.7,7,0.75,0.75,0.18799999999999997,5880.0
Brand C,53035,332,20.1,6,0.625,0.58,0.4040000000000001,6673.200000000001
Brand A,31857,440,20.6,4,0.375,0.85,0.42400000000000004,9064.0
Brand Y,44968,260,13.9,3,0.25,0.4,0.15600000000000003,3614.0
Brand D,52948,480,31.8,9,1.0,0.95,0.872,15264.0
Brand Z,40223,336,33.9,7,0.75,0.59,0.956,11390.4
Brand D,86558,239,12.7,9,1.0,0.3475,0.10799999999999997,3035.2999999999997
Brand W,98158,385,11.3,1,0.0,0.7125,0.052000000000000025,4350.5
Brand X,76603,464,33.4,8,0.875,0.91,0.9359999999999999,15497.599999999999
Brand E,43802,253,12.0,2,0.125,0.3825,0.08,3036.0
Brand D,97978,345,13.3,9,1.0,0.6125,0.13200000000000003,4588.5
Brand W,85551,469,15.2,1,0.0,0.9225,0.20799999999999996,7128.799999999999
Brand Z,30660,165,33.3,7,0.75,0.1625,0.9319999999999999,5494.499999999999
Brand W,36129,112,25.6,1,0.0,0.03,0.6240000000000001,2867.2000000000003
Brand D,83483,259,32.3,9,1.0,0.3975,0.8919999999999999,8365.699999999999
Brand D,60197,273,32.9,9,1.0,0.4325,0.9159999999999999,8981.699999999999
Brand Y,54940,369,24.3,3,0.25,0.6725,0.5720000000000001,8966.7
Brand B,43593,155,21.3,5,0.5,0.1375,0.452,3301.5
Brand A,42924,351,19.6,4,0.375,0.6275,0.38400000000000006,6879.6
Brand D,94263,155,13.6,9,1.0,0.1375,0.144,2108.0
Brand E,55052,302,26.5,2,0.125,0.505,0.66,8003.0
Brand C,81771,259,25.6,6,0.625,0.3975,0.6240000000000001,6630.400000000001
Brand C,87282,279,18.1,6,0.625,0.4475,0.32400000000000007,5049.900000000001
Brand Z,75810,318,21.9,7,0.75,0.545,0.4759999999999999,6964.2
Brand Y,55549,301,28.1,3,0.25,0.5025,0.7240000000000001,8458.1
Brand Z,89167,401,22.2,7,0.75,0.7525,0.488,8902.199999999999
Brand B,35427,458,10.9,5,0.5,0.895,0.03600000000000001,4992.2
Brand B,43226,331,30.3,5,0.5,0.5775,0.812,10029.300000000001
Brand C,87089,244,17.6,6,0.625,0.36,0.30400000000000005,4294.400000000001
Brand B,76666,206,34.2,5,0.5,0.265,0.9680000000000001,7045.200000000001
Brand W,43873,101,16.3,1,0.0,0.0025,0.252,1646.3000000000002
Brand Y,40489,362,12.7,3,0.25,0.655,0.10799999999999997,4597.4
Brand W,33376,399,19.6,1,0.0,0.7475,0.38400000000000006,7820.400000000001
Brand A,47583,117,19.9,4,0.375,0.0425,0.39599999999999996,2328.2999999999997
Brand W,37124,233,32.3,1,0.0,0.3325,0.8919999999999999,7525.9
Brand Z,79096,435,11.0,7,0.75,0.8375,0.04,4785.0
Brand W,90471,230,28.1,1,0.0,0.325,0.7240000000000001,6463.0
Brand C,33751,204,14.1,6,0.625,0.26,0.16399999999999998,2876.4
Brand W,36621,200,14.2,1,0.0,0.25,0.16799999999999998,2840.0
Brand E,60993,182,29.5,2,0.125,0.205,0.78,5369.0
Brand D,31850,228,15.6,9,1.0,0.32,0.22399999999999998,3556.7999999999997
Brand Y,43658,105,25.1,3,0.25,0.0125,0.6040000000000001,2635.5
Brand E,64735,497,29.8,2,0.125,0.9925,0.792,14810.6
Brand B,94842,458,18.6,5,0.5,0.895,0.3440000000000001,8518.800000000001
Brand X,42909,431,15.2,8,0.875,0.8275,0.20799999999999996,6551.2
Brand B,61557,427,22.7,5,0.5,0.8175,0.508,9692.9
Brand A,90233,416,19.7,4,0.375,0.79,0.38799999999999996,8195.199999999999
Brand D,32535,311,28.1,9,1.0,0.5275,0.7240000000000001,8739.1
Brand W,30554,140,29.7,1,0.0,0.1,0.7879999999999999,4158.0
Brand Z,89387,305,34.4,7,0.75,0.5125,0.976,10492.0
Brand E,69573,163,26.9,2,0.125,0.1575,0.6759999999999999,4384.7
Brand Z,89570,328,21.2,7,0.75,0.57,0.44799999999999995,6953.599999999999
Brand B,43003,428,27.5,5,0.5,0.82,0.7,11770.0
Brand A,30690,368,29.4,4,0.375,0.67,0.7759999999999999,10819.199999999999
Brand C,42398,389,13.9,6,0.625,0.7225,0.15600000000000003,5407.1
Brand A,94948,331,17.1,4,0.375,0.5775,0.28400000000000003,5660.1
Brand Z,40921,326,15.4,7,0.75,0.565,0.21600000000000003,5020.400000000001
Brand Z,95156,320,23.8,7,0.75,0.55,0.552,7616.0
Brand Z,43136,240,16.3,7,0.75,0.35,0.252,3912.0
Brand X,60960,196,19.7,8,0.875,0.24,0.38799999999999996,3861.2
Brand Z,94125,182,20.5,7,0.75,0.205,0.42,3731.0
Brand X,95901,225,28.9,8,0.875,0.3125,0.7559999999999999,6502.5
Brand Y,32801,366,13.9,3,0.25,0.665,0.15600000000000003,5087.400000000001
Brand W,36445,332,20.1,1,0.0,0.58,0.4040000000000001,6673.200000000001
Brand C,32929,101,11.8,6,0.625,0.0025,0.07200000000000002,1191.8000000000002
Brand X,65531,470,23.6,8,0.875,0.925,0.544,11092.0
Brand C,68116,148,27.9,6,0.625,0.12,0.716,4129.2
Brand Y,69421,108,21.8,3,0.25,0.02,0.47200000000000003,2354.4
Brand E,56169,412,26.1,2,0.125,0.78,0.644,10753.2
Brand C,75646,128,27.2,6,0.625,0.07,0.688,3481.6
Brand Y,35355,363,11.7,3,0.25,0.6575,0.06799999999999998,4247.099999999999
Brand Z,81405,463,10.6,7,0.75,0.9075,0.023999999999999987,4907.8
Brand Y,50812,211,22.2,3,0.25,0.2775,0.488,4684.2
Brand B,53564,371,25.3,5,0.5,0.6775,0.612,9386.300000000001
Brand Z,89107,310,10.7,7,0.75,0.525,0.027999999999999973,3317.0
Brand W,74280,403,10.5,1,0.0,0.7575,0.02,4231.5
Brand A,94593,470,22.4,4,0.375,0.925,0.49599999999999994,10528.0
Brand D,52875,383,31.2,9,1.0,0.7075,0.848,11949.6
Brand D,95508,158,34.3,9,1.0,0.145,0.9719999999999999,5419.4
Brand C,47880,439,22.1,6,0.625,0.8475,0.48400000000000004,9701.900000000001
Brand C,72948,476,24.2,6,0.625,0.94,0.568,11519.199999999999
Brand Y,46502,178,26.1,3,0.25,0.195,0.644,4645.8
Brand X,91149,293,23.1,8,0.875,0.4825,0.524,6768.3
Brand A,30395,179,16.0,4,0.375,0.1975,0.24,2864.0
Brand D,78703,253,17.6,9,1.0,0.3825,0.30400000000000005,4452.8
Brand W,39284,357,33.5,1,0.0,0.6425,0.94,11959.5
Brand D,89694,325,22.9,9,1.0,0.5625,0.5159999999999999,7442.499999999999
Brand W,95159,440,19.5,1,0.0,0.85,0.38,8580.0
Brand A,35612,119,22.8,4,0.375,0.0475,0.512,2713.2000000000003
Brand Y,85586,341,19.8,3,0.25,0.6025,0.392,6751.8
Brand C,33808,347,10.3,6,0.625,0.6175,0.012000000000000028,3574.1000000000004
Brand C,42724,153,23.2,6,0.625,0.1325,0.528,3549.6
Brand E,88028,414,33.2,2,0.125,0.785,0.9280000000000002,13744.800000000001
Brand W,81010,462,27.5,1,0.0,0.905,0.7,12705.0
Brand E,45484,443,26.8,2,0.125,0.8575,0.672,11872.4
Brand B,53221,148,30.4,5,0.5,0.12,0.816,4499.2
Brand W,98812,130,17.9,1,0.0,0.075,0.31599999999999995,2327.0
Brand Z,33076,369,30.9,7,0.75,0.6725,0.836,11402.1
Brand X,41069,278,20.8,8,0.875,0.445,0.43200000000000005,5782.400000000001
Brand C,75601,175,23.5,6,0.625,0.1875,0.54,4112.5
Brand D,87429,268,30.8,9,1.0,0.42,0.8320000000000001,8254.4
Brand Z,70153,437,32.5,7,0.75,0.8425,0.9,14202.5
Brand Y,30317,173,14.7,3,0.25,0.1825,0.18799999999999997,2543.1
Brand W,70037,488,12.0,1,0.0,0.97,0.08,5856.0
Brand E,86836,325,30.5,2,0.125,0.5625,0.82,9912.5
Brand A,40156,367,20.0,4,0.375,0.6675,0.4,7340.0
Brand A,38247,339,29.7,4,0.375,0.5975,0.7879999999999999,10068.3
Brand Z,30577,119,31.3,7,0.75,0.0475,0.852,3724.7000000000003
Brand D,46022,337,30.0,9,1.0,0.5925,0.8,10110.0
Brand Z,83741,396,33.7,7,0.75,0.74,0.9480000000000001,13345.2
Brand D,95303,163,13.0,9,1.0,0.1575,0.12,2119.0
Brand W,49245,375,28.9,1,0.0,0.6875,0.7559999999999999,10837.5
Brand Y,80830,456,22.5,3,0.25,0.89,0.5,10260.0
Brand Z,31644,231,14.8,7,0.75,0.3275,0.19200000000000003,3418.8
Brand X,80945,205,31.8,8,0.875,0.2625,0.872,6519.0
Brand X,32776,474,21.9,8,0.875,0.935,0.4759999999999999,10380.599999999999
Brand C,52820,245,11.1,6,0.625,0.3625,0.043999999999999984,2719.5
Brand W,42066,141,28.9,1,0.0,0.1025,0.7559999999999999,4074.8999999999996
Brand Z,37993,256,21.1,7,0.75,0.39,0.44400000000000006,5401.6
Brand C,77087,193,14.1,6,0.625,0.2325,0.16399999999999998,2721.2999999999997
Brand D,98445,299,22.8,9,1.0,0.4975,0.512,6817.2
Brand E,62535,348,17.2,2,0.125,0.62,0.288,5985.599999999999
Brand W,48330,238,18.5,1,0.0,0.345,0.34,4403.0
Brand Z,51536,346,13.1,7,0.75,0.615,0.12399999999999999,4532.599999999999
Brand X,80748,117,12.0,8,0.875,0.0425,0.08,1404.0
Brand E,83003,132,25.0,2,0.125,0.08,0.6,3300.0
Brand A,63152,264,33.9,4,0.375,0.41,0.956,8949.6
Brand A,92534,489,20.8,4,0.375,0.9725,0.43200000000000005,10171.2
Brand Z,48485,300,23.7,7,0.75,0.5,0.5479999999999999,7110.0
Brand B,51695,473,23.5,5,0.5,0.9325,0.54,11115.5
Brand D,94262,276,15.6,9,1.0,0.44,0.22399999999999998,4305.599999999999
Brand W,54302,310,14.7,1,0.0,0.525,0.18799999999999997,4557.0
Brand W,33541,464,26.0,1,0.0,0.91,0.64,12064.0
Brand B,76370,321,22.3,5,0.5,0.5525,0.49200000000000005,7158.3
Brand A,62377,201,13.5,4,0.375,0.2525,0.14,2713.5
Brand E,32154,226,16.0,2,0.125,0.315,0.24,3616.0
Brand D,99375,409,33.1,9,1.0,0.7725,0.924,13537.900000000001
Brand E,60987,353,19.7,2,0.125,0.6325,0.38799999999999996,6954.099999999999
Brand D,38923,186,15.8,9,1.0,0.215,0.23200000000000004,2938.8
Brand W,57825,367,10.8,1,0.0,0.6675,0.03200000000000003,3963.6000000000004
Brand B,57595,258,13.6,5,0.5,0.395,0.144,3508.7999999999997
Brand B,88810,227,17.9,5,0.5,0.3175,0.31599999999999995,4063.2999999999997
Brand D,30077,466,32.2,9,1.0,0.915,0.8880000000000001,15005.2
Brand A,39055,221,23.4,4,0.375,0.3025,0.5359999999999999,5171.4
Brand Y,43856,328,19.0,3,0.25,0.57,0.36,6232.0
Brand B,70557,265,32.6,5,0.5,0.4125,0.904,8639.0
Brand D,50882,451,13.2,9,1.0,0.8775,0.12799999999999997,5953.2
Brand W,77166,212,12.0,1,0.0,0.28,0.08,2544.0
Brand B,58697,204,22.0,5,0.5,0.26,0.48,4488.0
Brand A,59736,152,20.3,4,0.375,0.13,0.41200000000000003,3085.6
Brand X,61560,123,20.8,8,0.875,0.0575,0.43200000000000005,2558.4
Brand Z,60347,149,24.7,7,0.75,0.1225,0.588,3680.2999999999997
Brand C,92963,209,32.7,6,0.625,0.2725,0.9080000000000001,6834.3
Brand X,30241,313,21.2,8,0.875,0.5325,0.44799999999999995,6635.599999999999
Brand X,78932,210,20.0,8,0.875,0.275,0.4,4200.0
Brand C,51628,365,20.4,6,0.625,0.6625,0.4159999999999999,7445.999999999999
Brand D,58097,254,14.8,9,1.0,0.385,0.19200000000000003,3759.2000000000003
Brand C,51137,440,15.4,6,0.625,0.85,0.21600000000000003,6776.0
Brand C,70182,443,29.6,6,0.625,0.8575,0.784,13112.800000000001
Brand D,96922,218,22.0,9,1.0,0.295,0.48,4796.0
Brand X,89813,416,11.7,8,0.875,0.79,0.06799999999999998,4867.2
Brand X,34748,258,29.4,8,0.875,0.395,0.7759999999999999,7585.2
Brand X,66956,367,18.7,8,0.875,0.6675,0.348,6862.9
Brand A,90023,113,30.7,4,0.375,0.0325,0.828,3469.1
Brand W,34783,381,33.9,1,0.0,0.7025,0.956,12915.9
Brand A,37044,193,22.5,4,0.375,0.2325,0.5,4342.5
Brand X,82837,323,34.2,8,0.875,0.5575,0.9680000000000001,11046.6
Brand C,86844,215,19.5,6,0.625,0.2875,0.38,4192.5
Brand X,57635,443,31.2,8,0.875,0.8575,0.848,13821.6
Brand W,53840,266,12.2,1,0.0,0.415,0.08799999999999997,3245.2
Brand Y,74574,281,23.0,3,0.25,0.4525,0.52,6463.0
Brand E,65792,458,12.2,2,0.125,0.895,0.08799999999999997,5587.599999999999
Brand C,60113,187,30.3,6,0.625,0.2175,0.812,5666.1
Brand B,68853,283,10.2,5,0.5,0.4575,0.007999999999999972,2886.6
Brand B,65397,156,11.3,5,0.5,0.14,0.052000000000000025,1762.8000000000002
Brand B,80912,292,16.6,5,0.5,0.48,0.26400000000000007,4847.200000000001
Brand Y,34349,174,30.4,3,0.25,0.185,0.816,5289.599999999999
Brand A,88255,327,26.3,4,0.375,0.5675,0.652,8600.1
Brand D,88467,484,29.1,9,1.0,0.96,0.764,14084.400000000001
Brand W,51826,272,20.5,1,0.0,0.43,0.42,5576.0
Brand E,68039,403,10.2,2,0.125,0.7575,0.007999999999999972,4110.599999999999
Brand X,92850,160,27.8,8,0.875,0.15,0.7120000000000001,4448.0
Brand Z,33157,497,12.9,7,0.75,0.9925,0.11600000000000002,6411.3
Brand Y,30015,454,11.4,3,0.25,0.885,0.056000000000000015,5175.6
Brand W,64585,425,12.4,1,0.0,0.8125,0.09600000000000002,5270.0
Brand E,44803,279,11.5,2,0.125,0.4475,0.06,3208.5
Brand Y,75020,272,17.1,3,0.25,0.43,0.28400000000000003,4651.200000000001
Brand W,40694,109,29.7,1,0.0,0.0225,0.7879999999999999,3237.2999999999997
Brand B,88455,138,25.7,5,0.5,0.095,0.628,3546.6
Brand C,51575,203,33.2,6,0.625,0.2575,0.9280000000000002,6739.6
Brand Y,60904,299,22.3,3,0.25,0.4975,0.49200000000000005,6667.7
Brand A,99201,336,12.0,4,0.375,0.59,0.08,4032.0
Brand Z,70636,327,21.4,7,0.75,0.5675,0.45599999999999996,6997.799999999999
Brand Z,51770,428,28.4,7,0.75,0.82,0.736,12155.199999999999
Brand Y,73219,282,21.0,3,0.25,0.455,0.44,5922.0
Brand X,45476,275,28.9,8,0.875,0.4375,0.7559999999999999,7947.5
Brand Y,67784,452,16.2,3,0.25,0.88,0.24799999999999997,7322.4
Brand Z,61701,373,11.2,7,0.75,0.6825,0.04799999999999997,4177.599999999999
Brand E,40682,218,16.6,2,0.125,0.295,0.26400000000000007,3618.8
Brand W,50728,276,22.1,1,0.0,0.44,0.48400000000000004,6099.6
Brand E,56839,452,25.7,2,0.125,0.88,0.628,11616.4
Brand D,40933,406,21.2,9,1.0,0.765,0.44799999999999995,8607.199999999999
Brand W,95399,405,23.1,1,0.0,0.7625,0.524,9355.5
Brand X,92477,112,17.7,8,0.875,0.03,0.308,1982.3999999999999
Brand D,68464,359,27.3,9,1.0,0.6475,0.6920000000000001,9800.7
Brand Y,72270,220,12.1,3,0.25,0.3,0.08399999999999999,2662.0
Brand Y,37572,389,33.3,3,0.25,0.7225,0.9319999999999999,12953.699999999999
Brand D,38307,277,16.3,9,1.0,0.4425,0.252,4515.1
Brand A,86697,152,18.1,4,0.375,0.13,0.32400000000000007,2751.2000000000003
Brand B,82695,186,28.2,5,0.5,0.215,0.728,5245.2
Brand D,44691,135,30.4,9,1.0,0.0875,0.816,4104.0
Brand B,49065,479,18.9,5,0.5,0.9475,0.3559999999999999,9053.099999999999
Brand E,61524,367,23.2,2,0.125,0.6675,0.528,8514.4
Brand B,74927,447,18.9,5,0.5,0.8675,0.3559999999999999,8448.3
Brand E,48120,318,34.2,2,0.125,0.545,0.9680000000000001,10875.6
Brand Y,51796,278,26.5,3,0.25,0.445,0.66,7367.0
Brand W,78504,338,15.8,1,0.0,0.595,0.23200000000000004,5340.400000000001
Brand Z,90434,173,29.0,7,0.75,0.1825,0.76,5017.0
Brand D,61833,172,16.5,9,1.0,0.18,0.26,2838.0
Brand C,96726,428,22.2,6,0.625,0.82,0.488,9501.6
Brand B,44983,291,21.3,5,0.5,0.4775,0.452,6198.3
Brand X,78877,456,30.7,8,0.875,0.89,0.828,13999.199999999999
Brand Y,36861,159,10.4,3,0.25,0.1475,0.016000000000000014,1653.6000000000001
Brand D,36986,103,19.0,9,1.0,0.0075,0.36,1957.0
Brand D,93982,289,28.9,9,1.0,0.4725,0.7559999999999999,8352.1
Brand E,61230,445,26.7,2,0.125,0.8625,0.6679999999999999,11881.5
Brand D,71454,332,23.8,9,1.0,0.58,0.552,7901.6
Brand C,45576,340,33.7,6,0.625,0.6,0.9480000000000001,11458.000000000002
Brand A,88467,164,10.9,4,0.375,0.16,0.03600000000000001,1787.6000000000001
Brand B,64003,107,16.3,5,0.5,0.0175,0.252,1744.1000000000001
Brand A,93621,206,11.3,4,0.375,0.265,0.052000000000000025,2327.8
Brand Z,88606,257,14.3,7,0.75,0.3925,0.17200000000000004,3675.1000000000004
Brand D,64231,242,29.6,9,1.0,0.355,0.784,7163.200000000001
Brand X,83957,223,34.0,8,0.875,0.3075,0.96,7582.0
Brand D,33612,423,22.5,9,1.0,0.8075,0.5,9517.5
Brand E,54927,429,24.0,2,0.125,0.8225,0.56,10296.0
Brand C,66397,406,28.6,6,0.625,0.765,0.7440000000000001,11611.6
Brand W,75506,136,10.8,1,0.0,0.09,0.03200000000000003,1468.8000000000002
Brand W,88751,277,12.8,1,0.0,0.4425,0.11200000000000003,3545.6000000000004
Brand B,87767,223,33.0,5,0.5,0.3075,0.92,7359.0
Brand Y,59588,455,28.8,3,0.25,0.8875,0.752,13104.0
Brand D,52079,328,25.8,9,1.0,0.57,0.632,8462.4
Brand W,53675,190,13.2,1,0.0,0.225,0.12799999999999997,2508.0
Brand A,83519,258,12.2,4,0.375,0.395,0.08799999999999997,3147.6
Brand C,92287,498,18.1,6,0.625,0.995,0.32400000000000007,9013.800000000001
Brand A,62867,481,19.8,4,0.375,0.9525,0.392,9523.800000000001
Brand W,65478,379,17.8,1,0.0,0.6975,0.31200000000000006,6746.2
Brand X,95611,391,28.7,8,0.875,0.7275,0.748,11221.699999999999
Brand E,63602,397,23.8,2,0.125,0.7425,0.552,9448.6
Brand E,82529,354,25.3,2,0.125,0.635,0.612,8956.2
Brand D,37682,318,17.1,9,1.0,0.545,0.28400000000000003,5437.8
Brand Z,53418,463,15.7,7,0.75,0.9075,0.22799999999999998,7269.099999999999
Brand E,47927,177,26.8,2,0.125,0.1925,0.672,4743.6
Brand E,84376,276,19.5,2,0.125,0.44,0.38,5382.0
Brand X,33492,255,17.1,8,0.875,0.3875,0.28400000000000003,4360.5
Brand A,83794,461,16.4,4,0.375,0.9025,0.25599999999999995,7560.4
Brand B,99691,303,10.4,5,0.5,0.5075,0.016000000000000014,3151.2000000000003
Brand B,64198,483,18.7,5,0.5,0.9575,0.348,9032.1
Brand B,66190,349,31.1,5,0.5,0.6225,0.8440000000000001,10853.9
Brand Y,89715,218,19.9,3,0.25,0.295,0.39599999999999996,4338.2
Brand D,66847,421,23.1,9,1.0,0.8025,0.524,9725.1
Brand B,97763,344,26.8,5,0.5,0.61,0.672,9219.2
Brand C,54775,415,32.8,6,0.625,0.7875,0.9119999999999999,13611.999999999998
Brand Y,79600,206,10.8,3,0.25,0.265,0.03200000000000003,2224.8
Brand Z,52573,198,14.5,7,0.75,0.245,0.18,2871.0
Brand C,67271,296,14.5,6,0.625,0.49,0.18,4292.0
Brand D,78303,256,17.7,9,1.0,0.39,0.308,4531.2
Brand E,80507,159,11.9,2,0.125,0.1475,0.07600000000000001,1892.1000000000001
Brand B,74292,394,15.1,5,0.5,0.735,0.204,5949.4
Brand C,68704,365,29.5,6,0.625,0.6625,0.78,10767.5
Brand W,31065,182,34.1,1,0.0,0.205,0.9640000000000001,6206.2
Brand B,37003,349,25.8,5,0.5,0.6225,0.632,9004.2
Brand Z,81286,439,27.5,7,0.75,0.8475,0.7,12072.5
Brand C,74635,287,26.9,6,0.625,0.4675,0.6759999999999999,7720.299999999999
Brand W,32424,381,31.5,1,0.0,0.7025,0.86,12001.5
Brand W,49313,462,27.6,1,0.0,0.905,0.7040000000000001,12751.2
Brand B,34352,115,23.7,5,0.5,0.0375,0.5479999999999999,2725.5
Brand X,55315,328,19.6,8,0.875,0.57,0.38400000000000006,6428.8
Brand C,94752,497,16.9,6,0.625,0.9925,0.27599999999999997,8399.3
Brand C,37087,364,21.1,6,0.625,0.66,0.44400000000000006,7680.400000000001
Brand Z,79714,232,14.9,7,0.75,0.33,0.196,3456.8
Brand X,71018,391,33.6,8,0.875,0.7275,0.9440000000000001,13137.6
Brand E,86444,223,18.6,2,0.125,0.3075,0.3440000000000001,4147.8
Brand A,55010,406,16.3,4,0.375,0.765,0.252,6617.8
Brand Z,58372,136,10.0,7,0.75,0.09,0.0,1360.0
Brand C,87363,376,10.4,6,0.625,0.69,0.016000000000000014,3910.4
Brand W,90202,182,28.9,1,0.0,0.205,0.7559999999999999,5259.8
Brand E,46663,389,15.0,2,0.125,0.7225,0.2,5835.0
Brand W,64526,359,29.5,1,0.0,0.6475,0.78,10590.5
Brand X,42717,498,27.5,8,0.875,0.995,0.7,13695.0
Brand B,42957,479,26.8,5,0.5,0.9475,0.672,12837.2
Brand W,61811,155,21.0,1,0.0,0.1375,0.44,3255.0
Brand Y,93254,350,16.8,3,0.25,0.625,0.272,5880.0
Brand B,71563,368,24.9,5,0.5,0.67,0.596,9163.199999999999
Brand C,42784,242,33.3,6,0.625,0.355,0.9319999999999999,8058.599999999999
Brand E,61820,207,11.0,2,0.125,0.2675,0.04,2277.0
Brand B,39125,303,14.5,5,0.5,0.5075,0.18,4393.5
Brand A,34868,282,15.0,4,0.375,0.455,0.2,4230.0
Brand Z,39096,444,27.9,7,0.75,0.86,0.716,12387.599999999999
Brand W,38304,477,22.7,1,0.0,0.9425,0.508,10827.9
Brand A,94724,371,28.9,4,0.375,0.6775,0.7559999999999999,10721.9
Brand Z,63328,301,24.5,7,0.75,0.5025,0.58,7374.5
Brand Z,98965,188,23.6,7,0.75,0.22,0.544,4436.8
Brand C,93532,138,16.5,6,0.625,0.095,0.26,2277.0
Brand Y,68051,476,12.5,3,0.25,0.94,0.1,5950.0
Brand D,31937,362,23.7,9,1.0,0.655,0.5479999999999999,8579.4
Brand Z,98901,269,28.0,7,0.75,0.4225,0.72,7532.0
Brand D,59524,449,15.9,9,1.0,0.8725,0.23600000000000002,7139.1
Brand E,56793,322,12.4,2,0.125,0.555,0.09600000000000002,3992.8
Brand A,55210,487,15.6,4,0.375,0.9675,0.22399999999999998,7597.2
Brand W,65947,210,13.2,1,0.0,0.275,0.12799999999999997,2772.0
Brand Z,98835,313,17.9,7,0.75,0.5325,0.31599999999999995,5602.7
Brand Z,45482,496,34.8,7,0.75,0.99,0.9919999999999999,17260.8
Brand Z,37148,239,18.1,7,0.75,0.3475,0.32400000000000007,4325.900000000001
Brand W,78009,129,12.7,1,0.0,0.0725,0.10799999999999997,1638.3
Brand D,35049,413,29.9,9,1.0,0.7825,0.7959999999999999,12348.699999999999
Brand B,98465,238,27.2,5,0.5,0.345,0.688,6473.599999999999
Brand E,35531,315,16.2,2,0.125,0.5375,0.24799999999999997,5103.0
Brand Z,54716,179,22.5,7,0.75,0.1975,0.5,4027.5
Brand D,34334,242,25.9,9,1.0,0.355,0.6359999999999999,6267.799999999999
Brand B,54299,357,12.2,5,0.5,0.6425,0.08799999999999997,4355.4
Brand X,70498,257,26.2,8,0.875,0.3925,0.648,6733.4
Brand Z,41568,420,26.7,7,0.75,0.8,0.6679999999999999,11214.0
Brand W,48819,373,13.1,1,0.0,0.6825,0.12399999999999999,4886.3
Brand W,84934,159,25.8,1,0.0,0.1475,0.632,4102.2
Brand E,65785,394,31.3,2,0.125,0.735,0.852,12332.2
Brand B,60060,197,11.7,5,0.5,0.2425,0.06799999999999998,2304.8999999999996
Brand Y,75405,205,28.8,3,0.25,0.2625,0.752,5904.0
Brand Z,61560,135,18.3,7,0.75,0.0875,0.332,2470.5
Brand E,69897,142,13.7,2,0.125,0.105,0.14799999999999996,1945.3999999999999
Brand C,35176,157,28.6,6,0.625,0.1425,0.7440000000000001,4490.2
Brand A,48971,334,20.1,4,0.375,0.585,0.4040000000000001,6713.400000000001
Brand Y,46983,428,22.8,3,0.25,0.82,0.512,9758.4
Brand W,58648,348,34.3,1,0.0,0.62,0.9719999999999999,11936.4
Brand B,42948,255,26.3,5,0.5,0.3875,0.652,6706.5
Brand W,57769,410,22.0,1,0.0,0.775,0.48,9020.0
Brand Y,99650,249,24.4,3,0.25,0.3725,0.576,6075.599999999999
Brand B,86107,289,15.5,5,0.5,0.4725,0.22,4479.5
Brand A,42266,240,29.5,4,0.375,0.35,0.78,7080.0
Brand D,73219,258,15.4,9,1.0,0.395,0.21600000000000003,3973.2000000000003
Brand W,91610,321,18.6,1,0.0,0.5525,0.3440000000000001,5970.6
Brand C,57808,174,33.1,6,0.625,0.185,0.924,5759.400000000001
Brand B,34906,143,33.9,5,0.5,0.1075,0.956,4847.7
Brand C,58013,479,13.7,6,0.625,0.9475,0.14799999999999996,6562.299999999999
Brand E,56890,211,24.3,2,0.125,0.2775,0.5720000000000001,5127.3
Brand W,36230,342,18.8,1,0.0,0.605,0.35200000000000004,6429.6
Brand A,55788,451,17.3,4,0.375,0.8775,0.29200000000000004,7802.3
Brand W,82758,184,28.2,1,0.0,0.21,0.728,5188.8
Brand B,98382,393,16.6,5,0.5,0.7325,0.26400000000000007,6523.8
Brand D,83314,195,19.6,9,1.0,0.2375,0.38400000000000006,3822.0000000000005
Brand B,60637,307,10.1,5,0.5,0.5175,0.003999999999999986,3100.7
Brand E,32280,470,22.3,2,0.125,0.925,0.49200000000000005,10481.0
Brand C,56320,470,17.9,6,0.625,0.925,0.31599999999999995,8413.0
Brand B,49558,487,15.5,5,0.5,0.9675,0.22,7548.5
Brand X,70447,179,22.8,8,0.875,0.1975,0.512,4081.2000000000003
Brand X,61304,495,22.1,8,0.875,0.9875,0.48400000000000004,10939.5
Brand D,96918,496,17.9,9,1.0,0.99,0.31599999999999995,8878.4
Brand X,56965,492,32.0,8,0.875,0.98,0.88,15744.0
Brand A,37049,215,15.8,4,0.375,0.2875,0.23200000000000004,3397.0
Brand X,30810,452,23.3,8,0.875,0.88,0.532,10531.6
Brand D,94609,376,30.0,9,1.0,0.69,0.8,11280.0
Brand B,80435,100,34.0,5,0.5,0.0,0.96,3400.0
Brand X,91126,407,10.4,8,0.875,0.7675,0.016000000000000014,4232.8
Brand D,73489,382,34.8,9,1.0,0.705,0.9919999999999999,13293.599999999999
Brand Y,35447,150,23.2,3,0.25,0.125,0.528,3480.0
Brand A,49510,481,19.0,4,0.375,0.9525,0.36,9139.0
Brand B,32564,337,34.1,5,0.5,0.5925,0.9640000000000001,11491.7
Brand D,44038,252,15.4,9,1.0,0.38,0.21600000000000003,3880.8
Brand W,53328,106,16.1,1,0.0,0.015,0.24400000000000005,1706.6000000000001
Brand D,76953,149,22.9,9,1.0,0.1225,0.5159999999999999,3412.1
Brand X,89463,448,29.6,8,0.875,0.87,0.784,13260.800000000001
Brand Z,87809,339,13.8,7,0.75,0.5975,0.15200000000000002,4678.2
Brand W,57805,335,16.3,1,0.0,0.5875,0.252,5460.5
Brand B,75854,233,23.2,5,0.5,0.3325,0.528,5405.599999999999
Brand C,55884,232,19.1,6,0.625,0.33,0.36400000000000005,4431.200000000001
Brand Z,49339,194,29.1,7,0.75,0.235,0.764,5645.400000000001
Brand W,36395,143,31.3,1,0.0,0.1075,0.852,4475.900000000001
Brand C,48001,200,22.9,6,0.625,0.25,0.5159999999999999,4580.0
Brand Z,36804,192,16.1,7,0.75,0.23,0.24400000000000005,3091.2000000000003
Brand B,52424,304,27.3,5,0.5,0.51,0.6920000000000001,8299.2
Brand X,80462,249,26.5,8,0.875,0.3725,0.66,6598.5
Brand Z,95518,480,17.7,7,0.75,0.95,0.308,8496.0
Brand E,30127,234,20.4,2,0.125,0.335,0.4159999999999999,4773.599999999999
Brand X,86059,210,13.7,8,0.875,0.275,0.14799999999999996,2877.0
Brand A,70594,223,33.6,4,0.375,0.3075,0.9440000000000001,7492.8
Brand B,68456,101,31.4,5,0.5,0.0025,0.856,3171.3999999999996
Brand E,83196,412,20.0,2,0.125,0.78,0.4,8240.0
Brand X,65630,415,13.2,8,0.875,0.7875,0.12799999999999997,5478.0
Brand X,85173,463,27.1,8,0.875,0.9075,0.684,12547.300000000001
Brand A,67350,222,32.6,4,0.375,0.305,0.904,7237.200000000001
Brand E,37694,281,29.6,2,0.125,0.4525,0.784,8317.6
Brand Z,82876,109,19.6,7,0.75,0.0225,0.38400000000000006,2136.4
Brand E,77329,218,20.1,2,0.125,0.295,0.4040000000000001,4381.8
Brand B,67405,258,32.7,5,0.5,0.395,0.9080000000000001,8436.6
Brand Y,46727,229,30.7,3,0.25,0.3225,0.828,7030.3
Brand A,65709,487,26.7,4,0.375,0.9675,0.6679999999999999,13002.9
Brand C,52127,425,22.3,6,0.625,0.8125,0.49200000000000005,9477.5
Brand A,49990,134,33.9,4,0.375,0.085,0.956,4542.599999999999
Brand Z,48557,129,28.2,7,0.75,0.0725,0.728,3637.7999999999997
Brand C,92432,280,27.2,6,0.625,0.45,0.688,7616.0
Brand A,30298,188,20.5,4,0.375,0.22,0.42,3854.0
Brand Z,70656,212,26.2,7,0.75,0.28,0.648,5554.4
Brand A,42575,207,29.2,4,0.375,0.2675,0.768,6044.4
Brand Y,78638,174,21.6,3,0.25,0.185,0.4640000000000001,3758.4
Brand Y,83679,293,15.9,3,0.25,0.4825,0.23600000000000002,4658.7
Brand D,80913,193,28.6,9,1.0,0.2325,0.7440000000000001,5519.8
Brand C,81374,420,22.4,6,0.625,0.8,0.49599999999999994,9408.0
Brand Y,30144,439,27.5,3,0.25,0.8475,0.7,12072.5
Brand C,61843,134,16.9,6,0.625,0.085,0.27599999999999997,2264.6
Brand Z,94728,407,22.3,7,0.75,0.7675,0.49200000000000005,9076.1
Brand X,52181,107,11.9,8,0.875,0.0175,0.07600000000000001,1273.3
Brand W,37735,431,12.0,1,0.0,0.8275,0.08,5172.0
Brand B,63870,284,31.8,5,0.5,0.46,0.872,9031.2
Brand D,85158,325,28.8,9,1.0,0.5625,0.752,9360.0
Brand Y,52276,482,19.1,3,0.25,0.955,0.36400000000000005,9206.2
Brand X,71429,156,23.0,8,0.875,0.14,0.52,3588.0
Brand D,62085,146,14.3,9,1.0,0.115,0.17200000000000004,2087.8
Brand Y,36532,470,14.6,3,0.25,0.925,0.184,6862.0
Brand D,63691,128,29.0,9,1.0,0.07,0.76,3712.0
Brand C,56492,338,16.9,6,0.625,0.595,0.27599999999999997,5712.2
Brand A,60662,216,10.9,4,0.375,0.29,0.03600000000000001,2354.4
Brand C,37834,352,19.1,6,0.625,0.63,0.36400000000000005,6723.200000000001
Brand B,38030,254,17.2,5,0.5,0.385,0.288,4368.8
Brand B,76843,108,26.7,5,0.5,0.02,0.6679999999999999,2883.6
Brand A,95377,306,30.6,4,0.375,0.515,0.8240000000000001,9363.6
Brand B,67065,427,14.5,5,0.5,0.8175,0.18,6191.5
Brand B,86846,198,33.9,5,0.5,0.245,0.956,6712.2
Brand Y,43111,350,13.8,3,0.25,0.625,0.15200000000000002,4830.0
Brand D,93903,247,18.0,9,1.0,0.3675,0.32,4446.0
Brand Z,35045,360,13.0,7,0.75,0.65,0.12,4680.0
Brand C,46053,454,22.8,6,0.625,0.885,0.512,10351.2
Brand X,84259,313,19.8,8,0.875,0.5325,0.392,6197.400000000001
Brand D,72315,100,23.7,9,1.0,0.0,0.5479999999999999,2370.0
Brand B,67702,226,19.1,5,0.5,0.315,0.36400000000000005,4316.6
Brand Y,91655,404,15.6,3,0.25,0.76,0.22399999999999998,6302.4
Brand A,31960,311,10.6,4,0.375,0.5275,0.023999999999999987,3296.6
Brand Z,70975,115,22.2,7,0.75,0.0375,0.488,2553.0
Brand D,92444,328,21.1,9,1.0,0.57,0.44400000000000006,6920.8
Brand W,38220,341,34.3,1,0.0,0.6025,0.9719999999999999,11696.3
Brand E,44377,396,18.5,2,0.125,0.74,0.34,7326.0
Brand B,81156,495,20.6,5,0.5,0.9875,0.42400000000000004,10197.0
Brand C,99559,421,14.4,6,0.625,0.8025,0.17600000000000002,6062.400000000001
Brand C,83444,495,15.3,6,0.625,0.9875,0.21200000000000002,7573.5
Brand A,89269,453,17.5,4,0.375,0.8825,0.3,7927.5
Brand Z,89069,212,10.6,7,0.75,0.28,0.023999999999999987,2247.2
Brand A,59260,250,25.1,4,0.375,0.375,0.6040000000000001,6275.0
Brand D,81760,144,12.5,9,1.0,0.11,0.1,1800.0
Brand Y,93462,369,18.7,3,0.25,0.6725,0.348,6900.3
Brand D,82156,209,22.8,9,1.0,0.2725,0.512,4765.2
Brand A,93983,111,11.3,4,0.375,0.0275,0.052000000000000025,1254.3000000000002
Brand B,84257,495,25.4,5,0.5,0.9875,0.616,12573.0
Brand W,40489,293,34.3,1,0.0,0.4825,0.9719999999999999,10049.9
Brand W,43049,470,23.7,1,0.0,0.925,0.5479999999999999,11139.0
Brand W,64837,160,16.1,1,0.0,0.15,0.24400000000000005,2576.0
Brand Y,72900,197,28.3,3,0.25,0.2425,0.732,5575.1
Brand D,71112,452,14.5,9,1.0,0.88,0.18,6554.0
Brand Z,91222,269,24.9,7,0.75,0.4225,0.596,6698.099999999999
Brand B,75851,105,12.6,5,0.5,0.0125,0.10399999999999998,1323.0
Brand D,93299,250,23.7,9,1.0,0.375,0.5479999999999999,5925.0
Brand W,78170,117,26.0,1,0.0,0.0425,0.64,3042.0
Brand W,60839,317,22.9,1,0.0,0.5425,0.5159999999999999,7259.299999999999
Brand Y,80598,270,17.6,3,0.25,0.425,0.30400000000000005,4752.0
Brand W,39298,250,26.5,1,0.0,0.375,0.66,6625.0
Brand W,88544,218,11.3,1,0.0,0.295,0.052000000000000025,2463.4
Brand B,49949,294,15.3,5,0.5,0.485,0.21200000000000002,4498.2
Brand Z,90729,440,16.5,7,0.75,0.85,0.26,7260.0
Brand X,34434,370,11.0,8,0.875,0.675,0.04,4070.0
Brand Y,98692,220,23.7,3,0.25,0.3,0.5479999999999999,5214.0
Brand W,89564,279,13.5,1,0.0,0.4475,0.14,3766.5
Brand W,60835,375,27.5,1,0.0,0.6875,0.7,10312.5
Brand X,42728,267,14.2,8,0.875,0.4175,0.16799999999999998,3791.3999999999996
Brand Y,66507,183,19.1,3,0.25,0.2075,0.36400000000000005,3495.3
Brand D,92335,183,20.0,9,1.0,0.2075,0.4,3660.0
Brand Y,65183,153,34.6,3,0.25,0.1325,0.9840000000000001,5293.8
Brand C,63535,325,23.5,6,0.625,0.5625,0.54,7637.5
Brand B,80933,301,13.7,5,0.5,0.5025,0.14799999999999996,4123.7
Brand B,87792,217,15.4,5,0.5,0.2925,0.21600000000000003,3341.8
Brand B,48979,392,27.5,5,0.5,0.73,0.7,10780.0
Brand Y,88251,382,17.7,3,0.25,0.705,0.308,6761.4
Brand W,61289,245,26.3,1,0.0,0.3625,0.652,6443.5
Brand Z,35529,196,10.9,7,0.75,0.24,0.03600000000000001,2136.4
Brand A,66096,243,18.5,4,0.375,0.3575,0.34,4495.5
Brand Y,67530,189,21.5,3,0.25,0.2225,0.46,4063.5
Brand A,89310,122,16.6,4,0.375,0.055,0.26400000000000007,2025.2000000000003
Brand W,40447,276,24.9,1,0.0,0.44,0.596,6872.4
Brand W,97359,345,20.8,1,0.0,0.6125,0.43200000000000005,7176.0
Brand W,34359,380,32.9,1,0.0,0.7,0.9159999999999999,12502.0
Brand Z,99192,377,15.4,7,0.75,0.6925,0.21600000000000003,5805.8
Brand B,90043,417,10.7,5,0.5,0.7925,0.027999999999999973,4461.9
Brand C,64680,454,31.8,6,0.625,0.885,0.872,14437.2
Brand W,75148,136,15.2,1,0.0,0.09,0.20799999999999996,2067.2
Brand B,87547,408,20.2,5,0.5,0.77,0.408,8241.6
Brand E,31172,420,18.3,2,0.125,0.8,0.332,7686.0
Brand C,95707,440,28.7,6,0.625,0.85,0.748,12628.0
Brand W,94843,329,27.3,1,0.0,0.5725,0.6920000000000001,8981.7
Brand X,97060,245,23.6,8,0.875,0.3625,0.544,5782.0
Brand A,75199,301,25.1,4,0.375,0.5025,0.6040000000000001,7555.1
Brand X,76366,280,12.8,8,0.875,0.45,0.11200000000000003,3584.0
Brand B,67976,468,14.3,5,0.5,0.92,0.17200000000000004,6692.400000000001
Brand E,34488,173,11.0,2,0.125,0.1825,0.04,1903.0
Brand Z,64404,345,22.7,7,0.75,0.6125,0.508,7831.5
Brand B,42200,301,34.5,5,0.5,0.5025,0.98,10384.5
Brand X,79799,443,31.6,8,0.875,0.8575,0.8640000000000001,13998.800000000001
Brand D,69195,447,19.5,9,1.0,0.8675,0.38,8716.5
Brand Y,92810,280,12.6,3,0.25,0.45,0.10399999999999998,3528.0
Brand C,81978,423,34.9,6,0.625,0.8075,0.996,14762.699999999999
Brand C,88385,289,26.8,6,0.625,0.4725,0.672,7745.2
Brand E,75100,472,33.4,2,0.125,0.93,0.9359999999999999,15764.8
Brand Y,67037,381,28.8,3,0.25,0.7025,0.752,10972.800000000001
Brand A,82777,355,15.7,4,0.375,0.6375,0.22799999999999998,5573.5
Brand Z,43083,492,15.4,7,0.75,0.98,0.21600000000000003,7576.8
Brand B,68453,269,27.9,5,0.5,0.4225,0.716,7505.099999999999
Brand W,97086,212,28.3,1,0.0,0.28,0.732,5999.6
Brand E,72710,415,16.8,2,0.125,0.7875,0.272,6972.0
Brand D,44418,114,13.1,9,1.0,0.035,0.12399999999999999,1493.3999999999999
Brand E,65011,365,18.1,2,0.125,0.6625,0.32400000000000007,6606.500000000001
Brand X,35728,210,10.2,8,0.875,0.275,0.007999999999999972,2142.0
Brand A,97112,120,28.8,4,0.375,0.05,0.752,3456.0
Brand A,30966,460,14.9,4,0.375,0.9,0.196,6854.0
Brand D,69120,388,23.7,9,1.0,0.72,0.5479999999999999,9195.6
Brand W,78356,332,13.1,1,0.0,0.58,0.12399999999999999,4349.2
Brand Z,89383,358,31.3,7,0.75,0.645,0.852,11205.4
Brand Y,85126,351,18.6,3,0.25,0.6275,0.3440000000000001,6528.6
Brand W,68061,302,31.2,1,0.0,0.505,0.848,9422.4
Brand A,98658,229,30.5,4,0.375,0.3225,0.82,6984.5
Brand C,78253,283,13.2,6,0.625,0.4575,0.12799999999999997,3735.6
Brand E,57433,184,16.0,2,0.125,0.21,0.24,2944.0
Brand A,36356,352,29.9,4,0.375,0.63,0.7959999999999999,10524.8
Brand E,47997,188,21.4,2,0.125,0.22,0.45599999999999996,4023.2
Brand X,39385,158,24.7,8,0.875,0.145,0.588,3902.6
Brand Z,72502,407,14.6,7,0.75,0.7675,0.184,5942.2
Brand Z,97285,433,33.5,7,0.75,0.8325,0.94,14505.5
Brand C,81601,486,21.0,6,0.625,0.965,0.44,10206.0
Brand A,54311,405,11.0,4,0.375,0.7625,0.04,4455.0
Brand Y,86281,240,25.6,3,0.25,0.35,0.6240000000000001,6144.0
Brand B,32181,174,16.2,5,0.5,0.185,0.24799999999999997,2818.7999999999997
Brand W,80820,191,34.4,1,0.0,0.2275,0.976,6570.4
Brand E,88923,282,25.7,2,0.125,0.455,0.628,7247.4
Brand E,54287,466,31.6,2,0.125,0.915,0.8640000000000001,14725.6
Brand X,53305,332,28.8,8,0.875,0.58,0.752,9561.6
Brand E,70316,400,24.2,2,0.125,0.75,0.568,9680.0
Brand X,79932,484,32.4,8,0.875,0.96,0.8959999999999999,15681.599999999999
Brand B,36721,243,17.5,5,0.5,0.3575,0.3,4252.5
Brand A,70291,313,28.7,4,0.375,0.5325,0.748,8983.1
Brand Y,51648,361,15.5,3,0.25,0.6525,0.22,5595.5
Brand B,40322,447,30.5,5,0.5,0.8675,0.82,13633.5
Brand B,97085,291,15.1,5,0.5,0.4775,0.204,4394.099999999999
Brand E,71480,138,32.6,2,0.125,0.095,0.904,4498.8
Brand Z,84560,240,12.0,7,0.75,0.35,0.08,2880.0
Brand D,99756,108,30.8,9,1.0,0.02,0.8320000000000001,3326.4
Brand D,30449,173,19.0,9,1.0,0.1825,0.36,3287.0
Brand W,41717,264,17.6,1,0.0,0.41,0.30400000000000005,4646.400000000001
Brand D,85108,103,19.5,9,1.0,0.0075,0.38,2008.5
Brand A,65734,115,31.1,4,0.375,0.0375,0.8440000000000001,3576.5
Brand D,31972,287,27.9,9,1.0,0.4675,0.716,8007.299999999999
Brand E,59327,465,12.3,2,0.125,0.9125,0.09200000000000003,5719.5
Brand C,79904,452,27.3,6,0.625,0.88,0.6920000000000001,12339.6
Brand B,89342,246,24.2,5,0.5,0.365,0.568,5953.2
Brand B,78900,315,29.1,5,0.5,0.5375,0.764,9166.5
Brand W,69039,240,34.3,1,0.0,0.35,0.9719999999999999,8232.0
Brand Y,37459,233,21.6,3,0.25,0.3325,0.4640000000000001,5032.8
Brand Z,70262,421,32.7,7,0.75,0.8025,0.9080000000000001,13766.7
Brand X,96710,234,12.7,8,0.875,0.335,0.10799999999999997,2971.7999999999997
Brand B,34371,348,12.3,5,0.5,0.62,0.09200000000000003,4280.400000000001
Brand W,73970,430,22.2,1,0.0,0.825,0.488,9546.0
Brand A,64160,281,12.5,4,0.375,0.4525,0.1,3512.5
Brand W,82435,329,31.4,1,0.0,0.5725,0.856,10330.6
Brand X,79441,320,34.2,8,0.875,0.55,0.9680000000000001,10944.0
Brand C,55354,148,28.5,6,0.625,0.12,0.74,4218.0
Brand Y,94471,387,30.3,3,0.25,0.7175,0.812,11726.1
Brand A,31787,457,31.7,4,0.375,0.8925,0.868,14486.9
Brand C,96356,488,30.8,6,0.625,0.97,0.8320000000000001,15030.4
Brand D,58965,444,28.0,9,1.0,0.86,0.72,12432.0
Brand Y,63871,338,27.5,3,0.25,0.595,0.7,9295.0
Brand B,74234,343,17.7,5,0.5,0.6075,0.308,6071.099999999999
Brand E,97545,492,32.0,2,0.125,0.98,0.88,15744.0
Brand A,57753,100,23.0,4,0.375,0.0,0.52,2300.0
Brand B,37127,243,18.1,5,0.5,0.3575,0.32400000000000007,4398.3
Brand A,40818,392,13.1,4,0.375,0.73,0.12399999999999999,5135.2
Brand W,50428,178,25.7,1,0.0,0.195,0.628,4574.599999999999
Brand W,48699,389,32.2,1,0.0,0.7225,0.8880000000000001,12525.800000000001
Brand W,60822,222,22.3,1,0.0,0.305,0.49200000000000005,4950.6
Brand Z,93744,471,10.8,7,0.75,0.9275,0.03200000000000003,5086.8
Brand E,72794,329,21.2,2,0.125,0.5725,0.44799999999999995,6974.8
Brand Z,70469,267,12.5,7,0.75,0.4175,0.1,3337.5
Brand W,47494,153,31.3,1,0.0,0.1325,0.852,4788.900000000001
Brand B,77727,391,31.7,5,0.5,0.7275,0.868,12394.699999999999
Brand B,32011,269,27.5,5,0.5,0.4225,0.7,7397.5
Brand E,53076,339,21.0,2,0.125,0.5975,0.44,7119.0
Brand E,57137,174,26.3,2,0.125,0.185,0.652,4576.2
Brand X,79919,497,23.7,8,0.875,0.9925,0.5479999999999999,11778.9
Brand A,59765,349,10.6,4,0.375,0.6225,0.023999999999999987,3699.4
Brand Z,82327,460,31.7,7,0.75,0.9,0.868,14582.0
Brand Y,32428,140,18.1,3,0.25,0.1,0.32400000000000007,2534.0
Brand Z,95232,456,19.7,7,0.75,0.89,0.38799999999999996,8983.199999999999
Brand Z,99221,300,23.6,7,0.75,0.5,0.544,7080.0
Brand B,60567,384,24.1,5,0.5,0.71,0.5640000000000001,9254.400000000001
Brand Z,95262,377,13.2,7,0.75,0.6925,0.12799999999999997,4976.4
Brand C,77543,135,13.1,6,0.625,0.0875,0.12399999999999999,1768.5
Brand B,70897,144,20.8,5,0.5,0.11,0.43200000000000005,2995.2000000000003
Brand D,97339,222,17.1,9,1.0,0.305,0.28400000000000003,3796.2000000000003
Brand Z,33000,434,20.2,7,0.75,0.835,0.408,8766.8
Brand Z,57792,355,34.2,7,0.75,0.6375,0.9680000000000001,12141.000000000002
Brand E,32552,375,16.5,2,0.125,0.6875,0.26,6187.5
Brand A,84781,129,34.8,4,0.375,0.0725,0.9919999999999999,4489.2
Brand A,81315,120,14.0,4,0.375,0.05,0.16,1680.0
Brand X,39545,105,32.0,8,0.875,0.0125,0.88,3360.0
Brand Z,33802,266,13.0,7,0.75,0.415,0.12,3458.0
Brand A,34077,434,31.4,4,0.375,0.835,0.856,13627.599999999999
Brand Y,43168,124,18.1,3,0.25,0.06,0.32400000000000007,2244.4
Brand Z,63558,125,10.4,7,0.75,0.0625,0.016000000000000014,1300.0
Brand C,94960,103,34.3,6,0.625,0.0075,0.9719999999999999,3532.8999999999996
Brand B,99784,260,29.8,5,0.5,0.4,0.792,7748.0
Brand A,81706,127,13.2,4,0.375,0.0675,0.12799999999999997,1676.3999999999999
Brand X,75873,360,25.4,8,0.875,0.65,0.616,9144.0
Brand W,64001,491,16.5,1,0.0,0.9775,0.26,8101.5
Brand B,32452,451,21.6,5,0.5,0.8775,0.4640000000000001,9741.6
Brand Y,75204,275,13.8,3,0.25,0.4375,0.15200000000000002,3795.0
Brand Z,88487,443,28.3,7,0.75,0.8575,0.732,12536.9
Brand B,41943,148,19.0,5,0.5,0.12,0.36,2812.0
Brand X,42452,168,16.0,8,0.875,0.17,0.24,2688.0
Brand Z,35922,278,32.1,7,0.75,0.445,0.884,8923.800000000001
Brand W,90640,283,21.9,1,0.0,0.4575,0.4759999999999999,6197.7
Brand Z,86360,288,14.4,7,0.75,0.47,0.17600000000000002,4147.2
Brand D,41152,338,33.3,9,1.0,0.595,0.9319999999999999,11255.4
Brand A,55236,304,33.0,4,0.375,0.51,0.92,10032.0
Brand W,69453,447,23.4,1,0.0,0.8675,0.5359999999999999,10459.8
Brand B,66891,471,22.5,5,0.5,0.9275,0.5,10597.5
Brand B,35648,145,27.9,5,0.5,0.1125,0.716,4045.5
Brand E,36964,122,20.5,2,0.125,0.055,0.42,2501.0
Brand Y,86957,344,17.0,3,0.25,0.61,0.28,5848.0
Brand E,84514,415,18.4,2,0.125,0.7875,0.33599999999999997,7635.999999999999
Brand B,44723,463,18.0,5,0.5,0.9075,0.32,8334.0
Brand E,50497,464,17.8,2,0.125,0.91,0.31200000000000006,8259.2
Brand E,73522,381,29.5,2,0.125,0.7025,0.78,11239.5
Brand A,32849,414,17.5,4,0.375,0.785,0.3,7245.0
Brand D,36967,177,16.5,9,1.0,0.1925,0.26,2920.5
Brand C,30521,109,28.1,6,0.625,0.0225,0.7240000000000001,3062.9
Brand A,55213,152,20.7,4,0.375,0.13,0.428,3146.4
Brand E,60306,438,23.3,2,0.125,0.845,0.532,10205.4
Brand E,60721,424,18.1,2,0.125,0.81,0.32400000000000007,7674.400000000001
Brand X,67258,377,19.1,8,0.875,0.6925,0.36400000000000005,7200.700000000001
Brand X,93568,378,11.9,8,0.875,0.695,0.07600000000000001,4498.2
Brand B,76266,234,24.5,5,0.5,0.335,0.58,5733.0
Brand C,89502,368,21.5,6,0.625,0.67,0.46,7912.0
Brand Z,70955,374,12.2,7,0.75,0.685,0.08799999999999997,4562.8
Brand Y,54742,452,28.3,3,0.25,0.88,0.732,12791.6
Brand B,32101,188,15.5,5,0.5,0.22,0.22,2914.0
Brand W,47254,247,18.9,1,0.0,0.3675,0.3559999999999999,4668.299999999999
Brand B,47564,435,19.6,5,0.5,0.8375,0.38400000000000006,8526.0
Brand A,67689,415,30.7,4,0.375,0.7875,0.828,12740.5
Brand A,39724,117,34.8,4,0.375,0.0425,0.9919999999999999,4071.5999999999995
Brand Z,46365,469,33.8,7,0.75,0.9225,0.9519999999999998,15852.199999999999
Brand W,45498,337,21.7,1,0.0,0.5925,0.46799999999999997,7312.9
Brand B,73511,112,27.2,5,0.5,0.03,0.688,3046.4
Brand C,78036,373,23.2,6,0.625,0.6825,0.528,8653.6
Brand A,40401,345,12.0,4,0.375,0.6125,0.08,4140.0
Brand Y,43096,213,23.7,3,0.25,0.2825,0.5479999999999999,5048.099999999999
Brand D,87749,304,11.8,9,1.0,0.51,0.07200000000000002,3587.2000000000003
Brand B,36847,162,21.5,5,0.5,0.155,0.46,3483.0
Brand D,37290,139,14.7,9,1.0,0.0975,0.18799999999999997,2043.3
Brand D,93406,111,20.0,9,1.0,0.0275,0.4,2220.0
Brand B,43550,290,17.7,5,0.5,0.475,0.308,5133.0
Brand E,72225,303,28.0,2,0.125,0.5075,0.72,8484.0
Brand Y,54882,256,28.1,3,0.25,0.39,0.7240000000000001,7193.6
Brand Y,73743,371,32.6,3,0.25,0.6775,0.904,12094.6
Brand Y,67346,351,30.7,3,0.25,0.6275,0.828,10775.699999999999
Brand W,45059,361,34.7,1,0.0,0.6525,0.9880000000000001,12526.7
Brand Z,77769,323,31.6,7,0.75,0.5575,0.8640000000000001,10206.800000000001
Brand A,92917,279,17.4,4,0.375,0.4475,0.29599999999999993,4854.599999999999
Brand X,72180,369,10.4,8,0.875,0.6725,0.016000000000000014,3837.6
Brand C,41089,280,31.3,6,0.625,0.45,0.852,8764.0
Brand Y,50222,382,25.3,3,0.25,0.705,0.612,9664.6
Brand Y,83993,394,30.4,3,0.25,0.735,0.816,11977.599999999999
Brand E,97430,163,18.0,2,0.125,0.1575,0.32,2934.0
Brand E,46556,123,11.7,2,0.125,0.0575,0.06799999999999998,1439.1
Brand Z,80546,368,24.8,7,0.75,0.67,0.5920000000000001,9126.4
Brand X,78517,173,24.9,8,0.875,0.1825,0.596,4307.7
Brand Y,78960,267,26.6,3,0.25,0.4175,0.664,7102.200000000001
Brand W,67976,371,28.6,1,0.0,0.6775,0.7440000000000001,10610.6
Brand X,53211,487,34.1,8,0.875,0.9675,0.9640000000000001,16606.7
Brand W,67290,434,22.9,1,0.0,0.835,0.5159999999999999,9938.599999999999
Brand D,48151,447,29.8,9,1.0,0.8675,0.792,13320.6
Brand D,85223,468,28.7,9,1.0,0.92,0.748,13431.6
Brand D,52307,192,20.1,9,1.0,0.23,0.4040000000000001,3859.2000000000003
Brand Z,85787,137,23.3,7,0.75,0.0925,0.532,3192.1
Brand X,54287,390,25.4,8,0.875,0.725,0.616,9906.0
Brand D,89732,275,15.8,9,1.0,0.4375,0.23200000000000004,4345.0
Brand A,90325,429,17.6,4,0.375,0.8225,0.30400000000000005,7550.400000000001
Brand C,74855,337,32.4,6,0.625,0.5925,0.8959999999999999,10918.8
Brand A,30090,435,13.8,4,0.375,0.8375,0.15200000000000002,6003.0
Brand Y,64981,211,28.2,3,0.25,0.2775,0.728,5950.2
Brand C,63824,275,22.3,6,0.625,0.4375,0.49200000000000005,6132.5
Brand A,44971,308,11.2,4,0.375,0.52,0.04799999999999997,3449.6
Brand E,62571,407,27.4,2,0.125,0.7675,0.696,11151.8
Brand B,59983,378,25.3,5,0.5,0.695,0.612,9563.4
Brand D,68762,128,21.5,9,1.0,0.07,0.46,2752.0
Brand X,60641,147,19.8,8,0.875,0.1175,0.392,2910.6
Brand W,40972,229,24.5,1,0.0,0.3225,0.58,5610.5
Brand E,69580,477,17.2,2,0.125,0.9425,0.288,8204.4
Brand X,41523,187,17.9,8,0.875,0.2175,0.31599999999999995,3347.2999999999997
Brand X,30347,142,19.9,8,0.875,0.105,0.39599999999999996,2825.7999999999997
Brand Z,57295,460,12.4,7,0.75,0.9,0.09600000000000002,5704.0
Brand C,80857,297,10.2,6,0.625,0.4925,0.007999999999999972,3029.3999999999996
Brand W,58462,165,16.2,1,0.0,0.1625,0.24799999999999997,2673.0
Brand Y,68859,201,27.7,3,0.25,0.2525,0.708,5567.7
Brand Y,34915,221,31.5,3,0.25,0.3025,0.86,6961.5
Brand E,58242,490,31.0,2,0.125,0.975,0.84,15190.0
Brand C,44731,467,24.3,6,0.625,0.9175,0.5720000000000001,11348.1
Brand A,66182,435,32.6,4,0.375,0.8375,0.904,14181.0
Brand C,44513,347,29.5,6,0.625,0.6175,0.78,10236.5
Brand W,50482,238,29.3,1,0.0,0.345,0.772,6973.400000000001
Brand B,32252,192,12.0,5,0.5,0.23,0.08,2304.0
Brand E,51441,478,25.9,2,0.125,0.945,0.6359999999999999,12380.199999999999
Brand Z,98312,353,25.8,7,0.75,0.6325,0.632,9107.4
Brand D,58418,319,34.1,9,1.0,0.5475,0.9640000000000001,10877.9
Brand B,63887,257,20.1,5,0.5,0.3925,0.4040000000000001,5165.700000000001
Brand Y,66058,447,34.2,3,0.25,0.8675,0.9680000000000001,15287.400000000001
Brand C,56175,273,17.9,6,0.625,0.4325,0.31599999999999995,4886.7
Brand B,64364,248,26.1,5,0.5,0.37,0.644,6472.8
Brand E,98484,120,23.8,2,0.125,0.05,0.552,2856.0
Brand Z,85805,397,18.3,7,0.75,0.7425,0.332,7265.1
Brand W,77263,475,19.5,1,0.0,0.9375,0.38,9262.5
Brand E,75082,285,18.1,2,0.125,0.4625,0.32400000000000007,5158.5
Brand D,74876,478,12.6,9,1.0,0.945,0.10399999999999998,6022.8
Brand Y,91043,257,22.6,3,0.25,0.3925,0.504,5808.200000000001
Brand X,89001,490,16.9,8,0.875,0.975,0.27599999999999997,8281.0
Brand E,95169,249,20.1,2,0.125,0.3725,0.4040000000000001,5004.900000000001
Brand X,48320,228,25.8,8,0.875,0.32,0.632,5882.400000000001
Brand Z,47777,256,17.6,7,0.75,0.39,0.30400000000000005,4505.6
Brand D,80496,491,13.5,9,1.0,0.9775,0.14,6628.5
Brand B,79038,109,14.2,5,0.5,0.0225,0.16799999999999998,1547.8
Brand B,79321,453,23.6,5,0.5,0.8825,0.544,10690.800000000001
Brand B,70254,169,14.0,5,0.5,0.1725,0.16,2366.0
Brand X,30645,187,10.3,8,0.875,0.2175,0.012000000000000028,1926.1000000000001
Brand Z,51975,437,21.7,7,0.75,0.8425,0.46799999999999997,9482.9
Brand Y,59000,455,24.7,3,0.25,0.8875,0.588,11238.5
Brand C,87654,349,27.0,6,0.625,0.6225,0.68,9423.0
Brand B,57574,280,17.8,5,0.5,0.45,0.31200000000000006,4984.0
Brand C,44024,288,31.6,6,0.625,0.47,0.8640000000000001,9100.800000000001
Brand X,62101,123,16.4,8,0.875,0.0575,0.25599999999999995,2017.1999999999998
Brand X,79049,400,28.2,8,0.875,0.75,0.728,11280.0
Brand B,87963,443,18.8,5,0.5,0.8575,0.35200000000000004,8328.4
Brand B,38513,310,21.0,5,0.5,0.525,0.44,6510.0
Brand D,44279,146,13.8,9,1.0,0.115,0.15200000000000002,2014.8000000000002
Brand B,77293,286,22.6,5,0.5,0.465,0.504,6463.6
Brand Y,76414,213,16.5,3,0.25,0.2825,0.26,3514.5
Brand A,54273,483,17.3,4,0.375,0.9575,0.29200000000000004,8355.9
Brand Z,51524,150,15.8,7,0.75,0.125,0.23200000000000004,2370.0
Brand X,49493,262,31.7,8,0.875,0.405,0.868,8305.4
Brand E,48347,313,10.9,2,0.125,0.5325,0.03600000000000001,3411.7000000000003
Brand A,52987,399,20.2,4,0.375,0.7475,0.408,8059.799999999999
Brand Z,62644,407,11.6,7,0.75,0.7675,0.06399999999999999,4721.2
Brand W,74030,166,28.7,1,0.0,0.165,0.748,4764.2
Brand W,40760,292,27.1,1,0.0,0.48,0.684,7913.200000000001
Brand E,55029,166,16.6,2,0.125,0.165,0.26400000000000007,2755.6000000000004
Brand Z,34327,444,27.1,7,0.75,0.86,0.684,12032.400000000001
Brand Z,49598,442,23.9,7,0.75,0.855,0.5559999999999999,10563.8
Brand B,74319,189,26.2,5,0.5,0.2225,0.648,4951.8
Brand B,40826,465,19.1,5,0.5,0.9125,0.36400000000000005,8881.5
Brand Y,66794,458,23.0,3,0.25,0.895,0.52,10534.0
Brand W,86276,187,21.1,1,0.0,0.2175,0.44400000000000006,3945.7000000000003
Brand X,89180,157,13.6,8,0.875,0.1425,0.144,2135.2
Brand A,54715,106,27.1,4,0.375,0.015,0.684,2872.6000000000004
Brand X,80491,286,29.7,8,0.875,0.465,0.7879999999999999,8494.199999999999
Brand X,84485,160,32.8,8,0.875,0.15,0.9119999999999999,5248.0
Brand D,88371,133,25.0,9,1.0,0.0825,0.6,3325.0
Brand W,87082,152,31.9,1,0.0,0.13,0.8759999999999999,4848.8
Brand D,42281,108,12.8,9,1.0,0.02,0.11200000000000003,1382.4
Brand A,86705,378,31.3,4,0.375,0.695,0.852,11831.4
Brand D,93995,224,17.8,9,1.0,0.31,0.31200000000000006,3987.2000000000003
Brand X,47038,167,21.9,8,0.875,0.1675,0.4759999999999999,3657.2999999999997
Brand B,58686,451,27.9,5,0.5,0.8775,0.716,12582.9
Brand W,63962,293,27.2,1,0.0,0.4825,0.688,7969.599999999999
Brand Z,91745,347,17.4,7,0.75,0.6175,0.29599999999999993,6037.799999999999
Brand A,98726,121,13.7,4,0.375,0.0525,0.14799999999999996,1657.6999999999998
Brand D,64972,190,27.1,9,1.0,0.225,0.684,5149.0
Brand E,45348,366,15.8,2,0.125,0.665,0.23200000000000004,5782.8
Brand D,59673,296,24.5,9,1.0,0.49,0.58,7252.0
Brand Y,91802,129,34.7,3,0.25,0.0725,0.9880000000000001,4476.3
Brand X,33792,455,18.4,8,0.875,0.8875,0.33599999999999997,8372.0
Brand D,65670,422,18.6,9,1.0,0.805,0.3440000000000001,7849.200000000001
Brand A,93494,224,29.4,4,0.375,0.31,0.7759999999999999,6585.599999999999
Brand X,85490,260,26.0,8,0.875,0.4,0.64,6760.0
Brand X,45853,281,14.4,8,0.875,0.4525,0.17600000000000002,4046.4
Brand X,35335,225,19.5,8,0.875,0.3125,0.38,4387.5
Brand X,38615,214,18.8,8,0.875,0.285,0.35200000000000004,4023.2000000000003
Brand D,85557,148,25.3,9,1.0,0.12,0.612,3744.4
Brand D,38071,393,21.7,9,1.0,0.7325,0.46799999999999997,8528.1
Brand C,63969,383,28.5,6,0.625,0.7075,0.74,10915.5
Brand D,85899,368,19.3,9,1.0,0.67,0.37200000000000005,7102.400000000001
Brand D,95567,243,10.9,9,1.0,0.3575,0.03600000000000001,2648.7000000000003
Brand W,56142,111,18.5,1,0.0,0.0275,0.34,2053.5
Brand X,61479,303,20.2,8,0.875,0.5075,0.408,6120.599999999999
Brand W,83913,481,14.3,1,0.0,0.9525,0.17200000000000004,6878.3
Brand C,94878,385,24.8,6,0.625,0.7125,0.5920000000000001,9548.0
Brand Y,47974,326,25.6,3,0.25,0.565,0.6240000000000001,8345.6
Brand B,88341,386,22.7,5,0.5,0.715,0.508,8762.199999999999
Brand Z,88076,262,31.1,7,0.75,0.405,0.8440000000000001,8148.200000000001
Brand A,56211,491,23.8,4,0.375,0.9775,0.552,11685.800000000001
Brand Z,33770,424,16.8,7,0.75,0.81,0.272,7123.200000000001
Brand B,95072,428,14.9,5,0.5,0.82,0.196,6377.2
Brand B,55218,210,12.0,5,0.5,0.275,0.08,2520.0
Brand E,80757,287,20.0,2,0.125,0.4675,0.4,5740.0
Brand C,40868,424,18.4,6,0.625,0.81,0.33599999999999997,7801.599999999999
Brand W,39076,115,21.1,1,0.0,0.0375,0.44400000000000006,2426.5
Brand B,68492,366,13.8,5,0.5,0.665,0.15200000000000002,5050.8
Brand W,64573,272,34.7,1,0.0,0.43,0.9880000000000001,9438.400000000001
Brand Y,79106,273,26.8,3,0.25,0.4325,0.672,7316.400000000001
Brand D,77961,434,33.6,9,1.0,0.835,0.9440000000000001,14582.400000000001
Brand B,90016,224,15.5,5,0.5,0.31,0.22,3472.0
Brand E,99223,306,22.5,2,0.125,0.515,0.5,6885.0
Brand W,95762,348,23.1,1,0.0,0.62,0.524,8038.8
Brand B,94580,123,22.8,5,0.5,0.0575,0.512,2804.4
Brand E,87524,148,28.7,2,0.125,0.12,0.748,4247.599999999999
Brand E,62225,114,19.7,2,0.125,0.035,0.38799999999999996,2245.7999999999997
Brand E,83070,364,25.3,2,0.125,0.66,0.612,9209.2
Brand Y,42240,496,21.8,3,0.25,0.99,0.47200000000000003,10812.800000000001
Brand W,49308,165,18.2,1,0.0,0.1625,0.32799999999999996,3003.0
Brand W,69518,477,32.5,1,0.0,0.9425,0.9,15502.5
Brand Y,48078,143,15.9,3,0.25,0.1075,0.23600000000000002,2273.7000000000003
Brand D,51264,408,22.7,9,1.0,0.77,0.508,9261.6
Brand Y,45915,255,32.1,3,0.25,0.3875,0.884,8185.5
Brand E,56686,336,29.6,2,0.125,0.59,0.784,9945.6
Brand C,39249,487,21.0,6,0.625,0.9675,0.44,10227.0
Brand X,76248,157,16.0,8,0.875,0.1425,0.24,2512.0
Brand B,82791,272,25.9,5,0.5,0.43,0.6359999999999999,7044.799999999999
Brand Z,65247,383,12.7,7,0.75,0.7075,0.10799999999999997,4864.099999999999
Brand Y,68475,296,30.2,3,0.25,0.49,0.8079999999999999,8939.199999999999
Brand Y,33452,426,29.7,3,0.25,0.815,0.7879999999999999,12652.199999999999
Brand C,71578,409,27.8,6,0.625,0.7725,0.7120000000000001,11370.2
Brand B,55363,356,20.3,5,0.5,0.64,0.41200000000000003,7226.8
Brand D,31167,271,29.9,9,1.0,0.4275,0.7959999999999999,8102.9
Brand D,40190,300,12.5,9,1.0,0.5,0.1,3750.0
Brand X,72960,447,17.3,8,0.875,0.8675,0.29200000000000004,7733.1
Brand Z,63076,345,24.7,7,0.75,0.6125,0.588,8521.5
Brand W,31071,267,32.7,1,0.0,0.4175,0.9080000000000001,8730.900000000001
Brand B,90667,438,15.1,5,0.5,0.845,0.204,6613.8
Brand B,69421,306,31.7,5,0.5,0.515,0.868,9700.199999999999
Brand E,85689,122,34.8,2,0.125,0.055,0.9919999999999999,4245.599999999999
Brand W,38951,204,28.6,1,0.0,0.26,0.7440000000000001,5834.400000000001
Brand A,75168,280,32.8,4,0.375,0.45,0.9119999999999999,9184.0
Brand W,47705,437,19.2,1,0.0,0.8425,0.368,8390.4
Brand Z,70207,441,13.9,7,0.75,0.8525,0.15600000000000003,6129.900000000001
Brand D,78238,435,27.9,9,1.0,0.8375,0.716,12136.5
Brand W,86493,288,17.1,1,0.0,0.47,0.28400000000000003,4924.8
Brand E,63669,307,16.8,2,0.125,0.5175,0.272,5157.6
Brand X,51501,175,30.9,8,0.875,0.1875,0.836,5407.5
Brand X,52449,268,13.3,8,0.875,0.42,0.13200000000000003,3564.4
Brand Y,84032,420,12.2,3,0.25,0.8,0.08799999999999997,5124.0
Brand C,65900,454,20.9,6,0.625,0.885,0.43599999999999994,9488.599999999999
Brand X,77860,105,16.9,8,0.875,0.0125,0.27599999999999997,1774.4999999999998
Brand C,72738,458,22.7,6,0.625,0.895,0.508,10396.6
Brand C,41374,118,20.5,6,0.625,0.045,0.42,2419.0
Brand B,71004,493,25.3,5,0.5,0.9825,0.612,12472.9
Brand X,33498,145,20.9,8,0.875,0.1125,0.43599999999999994,3030.5
Brand E,38758,220,32.5,2,0.125,0.3,0.9,7150.0
Brand A,98592,194,19.9,4,0.375,0.235,0.39599999999999996,3860.6
Brand E,72428,339,27.1,2,0.125,0.5975,0.684,9186.9
Brand E,53987,230,24.8,2,0.125,0.325,0.5920000000000001,5704.0
Brand C,66468,143,31.6,6,0.625,0.1075,0.8640000000000001,4518.8
Brand E,53762,318,20.8,2,0.125,0.545,0.43200000000000005,6614.400000000001
Brand A,37010,403,23.6,4,0.375,0.7575,0.544,9510.800000000001
Brand X,75489,161,29.0,8,0.875,0.1525,0.76,4669.0
Brand X,37266,336,11.1,8,0.875,0.59,0.043999999999999984,3729.6
Brand Z,58456,338,13.9,7,0.75,0.595,0.15600000000000003,4698.2
Brand E,96799,363,15.1,2,0.125,0.6575,0.204,5481.3
Brand B,49992,178,29.5,5,0.5,0.195,0.78,5251.0
Brand E,79817,109,22.3,2,0.125,0.0225,0.49200000000000005,2430.7000000000003
Brand D,31386,308,28.4,9,1.0,0.52,0.736,8747.199999999999
Brand W,44923,284,13.6,1,0.0,0.46,0.144,3862.4
Brand C,61647,257,14.3,6,0.625,0.3925,0.17200000000000004,3675.1000000000004
Brand Y,64603,112,27.7,3,0.25,0.03,0.708,3102.4
Brand E,85298,130,31.3,2,0.125,0.075,0.852,4069.0
Brand B,71703,401,21.3,5,0.5,0.7525,0.452,8541.300000000001
Brand X,72351,319,11.2,8,0.875,0.5475,0.04799999999999997,3572.7999999999997
Brand X,90461,474,18.9,8,0.875,0.935,0.3559999999999999,8958.599999999999
Brand C,31816,460,11.5,6,0.625,0.9,0.06,5290.0
Brand D,43223,161,29.0,9,1.0,0.1525,0.76,4669.0
Brand D,48673,384,16.7,9,1.0,0.71,0.26799999999999996,6412.799999999999
Brand C,37559,177,29.8,6,0.625,0.1925,0.792,5274.6
Brand A,53140,232,15.4,4,0.375,0.33,0.21600000000000003,3572.8
Brand E,81941,304,30.6,2,0.125,0.51,0.8240000000000001,9302.4
Brand E,71591,230,13.1,2,0.125,0.325,0.12399999999999999,3013.0
Brand X,48861,196,32.3,8,0.875,0.24,0.8919999999999999,6330.799999999999
Brand B,98855,277,22.0,5,0.5,0.4425,0.48,6094.0
Brand W,56669,467,17.7,1,0.0,0.9175,0.308,8265.9
Brand D,56618,384,10.9,9,1.0,0.71,0.03600000000000001,4185.6
Brand B,45122,482,27.2,5,0.5,0.955,0.688,13110.4
Brand A,98701,168,29.3,4,0.375,0.17,0.772,4922.400000000001
Brand E,42689,340,29.5,2,0.125,0.6,0.78,10030.0
Brand C,33836,279,21.7,6,0.625,0.4475,0.46799999999999997,6054.3
Brand Z,43116,423,19.7,7,0.75,0.8075,0.38799999999999996,8333.1
Brand A,66389,236,17.0,4,0.375,0.34,0.28,4012.0
Brand Y,93138,123,20.9,3,0.25,0.0575,0.43599999999999994,2570.7
Brand X,82415,297,34.1,8,0.875,0.4925,0.9640000000000001,10127.7
Brand Y,90994,442,22.9,3,0.25,0.855,0.5159999999999999,10121.8
Brand B,88512,349,16.3,5,0.5,0.6225,0.252,5688.7
Brand Y,35988,403,11.9,3,0.25,0.7575,0.07600000000000001,4795.7
Brand C,96222,416,11.3,6,0.625,0.79,0.052000000000000025,4700.8
Brand X,53530,155,15.2,8,0.875,0.1375,0.20799999999999996,2356.0
Brand D,94904,137,26.6,9,1.0,0.0925,0.664,3644.2000000000003
Brand D,63304,322,21.2,9,1.0,0.555,0.44799999999999995,6826.4
Brand C,94728,132,11.2,6,0.625,0.08,0.04799999999999997,1478.3999999999999
Brand W,31838,335,10.4,1,0.0,0.5875,0.016000000000000014,3484.0
Brand C,49960,238,10.0,6,0.625,0.345,0.0,2380.0
Brand Y,80114,478,25.7,3,0.25,0.945,0.628,12284.6
Brand Z,72188,486,28.0,7,0.75,0.965,0.72,13608.0
Brand Y,90244,199,17.7,3,0.25,0.2475,0.308,3522.2999999999997
Brand E,30933,156,20.1,2,0.125,0.14,0.4040000000000001,3135.6000000000004
Brand X,61221,308,27.1,8,0.875,0.52,0.684,8346.800000000001
Brand C,31652,185,29.5,6,0.625,0.2125,0.78,5457.5
Brand X,59451,347,16.6,8,0.875,0.6175,0.26400000000000007,5760.200000000001
Brand E,70893,419,20.7,2,0.125,0.7975,0.428,8673.3
Brand E,59197,232,22.7,2,0.125,0.33,0.508,5266.4
Brand E,42992,396,22.8,2,0.125,0.74,0.512,9028.800000000001
Brand B,47236,269,32.0,5,0.5,0.4225,0.88,8608.0
Brand X,46029,279,23.3,8,0.875,0.4475,0.532,6500.7
Brand E,54492,363,31.6,2,0.125,0.6575,0.8640000000000001,11470.800000000001
Brand E,60291,186,25.7,2,0.125,0.215,0.628,4780.2
Brand C,98871,200,25.6,6,0.625,0.25,0.6240000000000001,5120.0
Brand W,84690,397,23.0,1,0.0,0.7425,0.52,9131.0
Brand W,98536,333,31.0,1,0.0,0.5825,0.84,10323.0
Brand A,33809,152,27.0,4,0.375,0.13,0.68,4104.0
Brand Z,72220,470,24.9,7,0.75,0.925,0.596,11703.0
Brand C,30927,110,21.2,6,0.625,0.025,0.44799999999999995,2332.0
Brand Y,47337,156,29.1,3,0.25,0.14,0.764,4539.6
Brand C,54117,302,32.7,6,0.625,0.505,0.9080000000000001,9875.400000000001
Brand D,75437,488,28.2,9,1.0,0.97,0.728,13761.6
Brand A,50767,408,12.8,4,0.375,0.77,0.11200000000000003,5222.400000000001
Brand D,54361,227,12.3,9,1.0,0.3175,0.09200000000000003,2792.1000000000004
Brand E,48195,406,13.7,2,0.125,0.765,0.14799999999999996,5562.2
Brand D,67874,374,23.9,9,1.0,0.685,0.5559999999999999,8938.6
Brand C,94345,228,10.6,6,0.625,0.32,0.023999999999999987,2416.7999999999997
Brand A,55868,426,13.4,4,0.375,0.815,0.136,5708.400000000001
Brand E,56200,473,24.6,2,0.125,0.9325,0.5840000000000001,11635.800000000001
Brand E,74401,100,33.9,2,0.125,0.0,0.956,3390.0
Brand D,57962,224,16.9,9,1.0,0.31,0.27599999999999997,3785.5999999999995
Brand A,72411,152,21.8,4,0.375,0.13,0.47200000000000003,3313.6
Brand Y,78607,405,30.4,3,0.25,0.7625,0.816,12312.0
Brand C,44076,337,34.9,6,0.625,0.5925,0.996,11761.3
Brand X,82356,335,21.3,8,0.875,0.5875,0.452,7135.5
Brand A,95297,369,31.2,4,0.375,0.6725,0.848,11512.8
Brand Z,43963,445,34.7,7,0.75,0.8625,0.9880000000000001,15441.500000000002
Brand X,90851,278,19.4,8,0.875,0.445,0.37599999999999995,5393.2
Brand E,81269,438,22.1,2,0.125,0.845,0.48400000000000004,9679.800000000001
Brand E,99631,484,10.9,2,0.125,0.96,0.03600000000000001,5275.6
Brand X,86114,462,22.9,8,0.875,0.905,0.5159999999999999,10579.8
Brand D,53810,229,27.2,9,1.0,0.3225,0.688,6228.8
Brand B,48847,433,29.2,5,0.5,0.8325,0.768,12643.6
Brand C,74853,470,19.8,6,0.625,0.925,0.392,9306.0
Brand B,92628,481,17.9,5,0.5,0.9525,0.31599999999999995,8609.9
Brand D,68881,249,15.4,9,1.0,0.3725,0.21600000000000003,3834.6
Brand X,64418,258,26.7,8,0.875,0.395,0.6679999999999999,6888.599999999999
Brand W,41378,449,14.4,1,0.0,0.8725,0.17600000000000002,6465.6
Brand Z,86175,191,14.5,7,0.75,0.2275,0.18,2769.5
Brand W,64043,273,31.0,1,0.0,0.4325,0.84,8463.0
Brand Y,58136,135,14.1,3,0.25,0.0875,0.16399999999999998,1903.5
Brand Y,92017,464,21.7,3,0.25,0.91,0.46799999999999997,10068.8
Brand W,40115,247,22.7,1,0.0,0.3675,0.508,5606.9
Brand D,69493,181,31.4,9,1.0,0.2025,0.856,5683.4
Brand X,41635,152,10.4,8,0.875,0.13,0.016000000000000014,1580.8
Brand D,45048,190,18.2,9,1.0,0.225,0.32799999999999996,3458.0
Brand C,99030,360,22.0,6,0.625,0.65,0.48,7920.0
Brand A,30086,388,11.9,4,0.375,0.72,0.07600000000000001,4617.2
Brand X,56794,300,24.5,8,0.875,0.5,0.58,7350.0
Brand D,45956,139,31.1,9,1.0,0.0975,0.8440000000000001,4322.900000000001
Brand A,84498,222,13.1,4,0.375,0.305,0.12399999999999999,2908.2
Brand Z,42423,278,21.1,7,0.75,0.445,0.44400000000000006,5865.8
Brand E,53588,394,14.5,2,0.125,0.735,0.18,5713.0
Brand E,45498,406,33.3,2,0.125,0.765,0.9319999999999999,13519.8
Brand Y,51107,482,20.8,3,0.25,0.955,0.43200000000000005,10025.6
Brand W,77988,224,29.0,1,0.0,0.31,0.76,6496.0
Brand Z,68807,115,23.7,7,0.75,0.0375,0.5479999999999999,2725.5
Brand X,52132,211,16.2,8,0.875,0.2775,0.24799999999999997,3418.2
Brand W,83839,457,21.6,1,0.0,0.8925,0.4640000000000001,9871.2
Brand X,75196,472,13.8,8,0.875,0.93,0.15200000000000002,6513.6
Brand Y,59089,314,27.3,3,0.25,0.535,0.6920000000000001,8572.2
Brand X,50222,234,25.5,8,0.875,0.335,0.62,5967.0
Brand A,88690,353,20.8,4,0.375,0.6325,0.43200000000000005,7342.400000000001
Brand X,85920,256,20.1,8,0.875,0.39,0.4040000000000001,5145.6
Brand C,40981,477,12.3,6,0.625,0.9425,0.09200000000000003,5867.1
Brand Z,46944,149,13.7,7,0.75,0.1225,0.14799999999999996,2041.3
Brand X,40712,152,22.7,8,0.875,0.13,0.508,3450.4
Brand W,60538,245,18.8,1,0.0,0.3625,0.35200000000000004,4606.0
Brand E,73465,426,10.0,2,0.125,0.815,0.0,4260.0
Brand W,94068,104,25.1,1,0.0,0.01,0.6040000000000001,2610.4
Brand E,59108,428,29.4,2,0.125,0.82,0.7759999999999999,12583.199999999999
Brand A,46632,401,24.2,4,0.375,0.7525,0.568,9704.199999999999
Brand Z,30088,402,19.9,7,0.75,0.755,0.39599999999999996,7999.799999999999
Brand D,33151,312,20.9,9,1.0,0.53,0.43599999999999994,6520.799999999999
Brand D,80454,206,28.8,9,1.0,0.265,0.752,5932.8
Brand Y,71350,284,13.0,3,0.25,0.46,0.12,3692.0
Brand B,69759,168,19.3,5,0.5,0.17,0.37200000000000005,3242.4
Brand E,42066,318,15.8,2,0.125,0.545,0.23200000000000004,5024.400000000001
Brand X,52478,419,10.2,8,0.875,0.7975,0.007999999999999972,4273.799999999999
Brand C,94362,310,31.5,6,0.625,0.525,0.86,9765.0
Brand C,64771,235,30.6,6,0.625,0.3375,0.8240000000000001,7191.0
Brand Z,59836,127,33.6,7,0.75,0.0675,0.9440000000000001,4267.2
Brand E,39299,243,20.4,2,0.125,0.3575,0.4159999999999999,4957.2
Brand Z,87596,389,12.5,7,0.75,0.7225,0.1,4862.5
Brand B,77967,270,30.8,5,0.5,0.425,0.8320000000000001,8316.0
Brand B,55381,377,12.2,5,0.5,0.6925,0.08799999999999997,4599.4
Brand Y,55965,235,30.8,3,0.25,0.3375,0.8320000000000001,7238.0
Brand E,61863,255,31.0,2,0.125,0.3875,0.84,7905.0
Brand A,81083,218,34.7,4,0.375,0.295,0.9880000000000001,7564.6
Brand X,80095,279,12.4,8,0.875,0.4475,0.09600000000000002,3459.6
Brand X,40851,181,23.8,8,0.875,0.2025,0.552,4307.8
Brand Y,58857,214,33.7,3,0.25,0.285,0.9480000000000001,7211.8
Brand E,68112,287,16.2,2,0.125,0.4675,0.24799999999999997,4649.4
Brand E,91467,130,21.3,2,0.125,0.075,0.452,2769.0
Brand B,77901,496,25.3,5,0.5,0.99,0.612,12548.800000000001
Brand E,34066,433,17.5,2,0.125,0.8325,0.3,7577.5
Brand A,90869,486,24.6,4,0.375,0.965,0.5840000000000001,11955.6
Brand X,38678,459,11.2,8,0.875,0.8975,0.04799999999999997,5140.799999999999
Brand D,50029,177,26.6,9,1.0,0.1925,0.664,4708.2
Brand Z,83571,344,18.6,7,0.75,0.61,0.3440000000000001,6398.400000000001
Brand Y,72656,415,26.1,3,0.25,0.7875,0.644,10831.5
Brand D,44106,210,16.8,9,1.0,0.275,0.272,3528.0
Brand Y,71306,369,15.6,3,0.25,0.6725,0.22399999999999998,5756.4
Brand A,36515,126,29.2,4,0.375,0.065,0.768,3679.2
Brand B,86054,487,19.2,5,0.5,0.9675,0.368,9350.4
Brand W,61171,421,30.6,1,0.0,0.8025,0.8240000000000001,12882.6
Brand C,66050,223,18.6,6,0.625,0.3075,0.3440000000000001,4147.8
Brand A,78331,315,29.9,4,0.375,0.5375,0.7959999999999999,9418.5
Brand A,94574,352,34.0,4,0.375,0.63,0.96,11968.0
Brand D,32484,308,33.3,9,1.0,0.52,0.9319999999999999,10256.4
Brand Y,36529,126,20.5,3,0.25,0.065,0.42,2583.0
Brand E,76781,495,20.8,2,0.125,0.9875,0.43200000000000005,10296.0
Brand A,41868,189,28.9,4,0.375,0.2225,0.7559999999999999,5462.099999999999
Brand E,61652,470,15.5,2,0.125,0.925,0.22,7285.0
Brand E,87559,245,24.8,2,0.125,0.3625,0.5920000000000001,6076.0
Brand A,87942,170,34.8,4,0.375,0.175,0.9919999999999999,5915.999999999999
Brand X,50188,366,27.3,8,0.875,0.665,0.6920000000000001,9991.800000000001
Brand C,94024,266,28.0,6,0.625,0.415,0.72,7448.0
Brand D,52998,386,30.7,9,1.0,0.715,0.828,11850.199999999999
Brand B,93665,291,13.3,5,0.5,0.4775,0.13200000000000003,3870.3
Brand Z,73706,250,12.5,7,0.75,0.375,0.1,3125.0
Brand D,76049,150,21.1,9,1.0,0.125,0.44400000000000006,3165.0
Brand Z,58308,123,14.7,7,0.75,0.0575,0.18799999999999997,1808.1
Brand A,41718,169,29.0,4,0.375,0.1725,0.76,4901.0
Brand A,65943,388,10.8,4,0.375,0.72,0.03200000000000003,4190.400000000001
Brand X,79055,124,11.6,8,0.875,0.06,0.06399999999999999,1438.3999999999999
Brand A,35710,284,34.2,4,0.375,0.46,0.9680000000000001,9712.800000000001
Brand D,52546,134,34.4,9,1.0,0.085,0.976,4609.599999999999
Brand X,69384,335,17.7,8,0.875,0.5875,0.308,5929.5
Brand D,55716,195,13.6,9,1.0,0.2375,0.144,2652.0
Brand Z,42582,372,10.5,7,0.75,0.68,0.02,3906.0
Brand X,40594,343,16.0,8,0.875,0.6075,0.24,5488.0
Brand B,32807,179,30.2,5,0.5,0.1975,0.8079999999999999,5405.8
Brand C,76628,263,23.4,6,0.625,0.4075,0.5359999999999999,6154.2
Brand C,97573,190,29.7,6,0.625,0.225,0.7879999999999999,5643.0
Brand X,71587,169,25.1,8,0.875,0.1725,0.6040000000000001,4241.900000000001
Brand W,35860,190,17.4,1,0.0,0.225,0.29599999999999993,3305.9999999999995
Brand X,59949,264,29.0,8,0.875,0.41,0.76,7656.0
Brand Y,95713,377,32.6,3,0.25,0.6925,0.904,12290.2
Brand W,74355,314,30.2,1,0.0,0.535,0.8079999999999999,9482.8
Brand Y,90991,369,15.3,3,0.25,0.6725,0.21200000000000002,5645.7
Brand Z,76463,300,21.6,7,0.75,0.5,0.4640000000000001,6480.0
Brand Z,61373,435,21.3,7,0.75,0.8375,0.452,9265.5
Brand W,76869,497,19.5,1,0.0,0.9925,0.38,9691.5
Brand A,36520,234,29.2,4,0.375,0.335,0.768,6832.8
Brand E,59473,474,22.9,2,0.125,0.935,0.5159999999999999,10854.599999999999
Brand X,73744,220,33.9,8,0.875,0.3,0.956,7458.0
Brand D,42753,231,12.4,9,1.0,0.3275,0.09600000000000002,2864.4
Brand E,47278,165,29.3,2,0.125,0.1625,0.772,4834.5
Brand X,97117,456,30.0,8,0.875,0.89,0.8,13680.0
Brand Y,62472,341,10.8,3,0.25,0.6025,0.03200000000000003,3682.8
Brand C,90747,257,14.9,6,0.625,0.3925,0.196,3829.3
Brand Z,73334,299,10.1,7,0.75,0.4975,0.003999999999999986,3019.9
Brand B,76134,497,27.9,5,0.5,0.9925,0.716,13866.3
Brand E,79301,441,20.4,2,0.125,0.8525,0.4159999999999999,8996.4
Brand C,34348,384,28.7,6,0.625,0.71,0.748,11020.8
Brand B,81809,136,33.5,5,0.5,0.09,0.94,4556.0
Brand Z,71884,178,16.9,7,0.75,0.195,0.27599999999999997,3008.2
Brand X,55257,450,18.6,8,0.875,0.875,0.3440000000000001,8370.0
Brand X,77592,298,17.2,8,0.875,0.495,0.288,5125.599999999999
Brand C,31493,129,27.3,6,0.625,0.0725,0.6920000000000001,3521.7000000000003
Brand Z,63287,413,25.5,7,0.75,0.7825,0.62,10531.5
Brand C,31198,332,22.2,6,0.625,0.58,0.488,7370.4
Brand D,33962,309,25.0,9,1.0,0.5225,0.6,7725.0
Brand Y,82046,215,29.6,3,0.25,0.2875,0.784,6364.0
Brand Z,63948,199,34.0,7,0.75,0.2475,0.96,6766.0
Brand Y,72469,302,26.6,3,0.25,0.505,0.664,8033.200000000001
Brand X,77029,156,25.5,8,0.875,0.14,0.62,3978.0
Brand W,88900,226,29.5,1,0.0,0.315,0.78,6667.0
Brand Z,67749,122,14.3,7,0.75,0.055,0.17200000000000004,1744.6000000000001
Brand X,71731,390,12.8,8,0.875,0.725,0.11200000000000003,4992.0
Brand D,85972,151,31.3,9,1.0,0.1275,0.852,4726.3
Brand X,32171,275,13.1,8,0.875,0.4375,0.12399999999999999,3602.5
Brand A,73830,490,17.3,4,0.375,0.975,0.29200000000000004,8477.0
Brand C,67518,195,27.2,6,0.625,0.2375,0.688,5304.0
Brand D,69742,463,21.1,9,1.0,0.9075,0.44400000000000006,9769.300000000001
Brand X,43706,127,32.9,8,0.875,0.0675,0.9159999999999999,4178.3
Brand D,91808,170,23.2,9,1.0,0.175,0.528,3944.0
Brand C,83818,325,21.2,6,0.625,0.5625,0.44799999999999995,6890.0
Brand D,56305,366,19.9,9,1.0,0.665,0.39599999999999996,7283.4
Brand B,57018,289,33.2,5,0.5,0.4725,0.9280000000000002,9594.800000000001
Brand X,40104,278,21.8,8,0.875,0.445,0.47200000000000003,6060.400000000001
Brand C,68852,336,16.2,6,0.625,0.59,0.24799999999999997,5443.2
Brand W,82141,266,21.0,1,0.0,0.415,0.44,5586.0
Brand A,67295,176,31.7,4,0.375,0.19,0.868,5579.2
Brand Z,46879,426,34.3,7,0.75,0.815,0.9719999999999999,14611.8
Brand D,59172,377,32.9,9,1.0,0.6925,0.9159999999999999,12403.3
Brand A,38162,383,29.9,4,0.375,0.7075,0.7959999999999999,11451.699999999999
Brand Y,33791,217,28.2,3,0.25,0.2925,0.728,6119.4
Brand Y,63133,484,19.4,3,0.25,0.96,0.37599999999999995,9389.599999999999
Brand B,63170,376,10.8,5,0.5,0.69,0.03200000000000003,4060.8
Brand C,69084,479,10.7,6,0.625,0.9475,0.027999999999999973,5125.299999999999
Brand A,83274,193,30.5,4,0.375,0.2325,0.82,5886.5
Brand Y,92316,134,11.3,3,0.25,0.085,0.052000000000000025,1514.2
Brand C,97138,281,24.9,6,0.625,0.4525,0.596,6996.9
Brand A,75529,211,22.0,4,0.375,0.2775,0.48,4642.0
Brand Z,91613,430,33.6,7,0.75,0.825,0.9440000000000001,14448.0
Brand E,55348,140,28.2,2,0.125,0.1,0.728,3948.0
Brand Z,30231,224,12.6,7,0.75,0.31,0.10399999999999998,2822.4
Brand E,44876,289,30.6,2,0.125,0.4725,0.8240000000000001,8843.4
Brand C,34771,427,15.5,6,0.625,0.8175,0.22,6618.5
Brand E,56471,304,26.8,2,0.125,0.51,0.672,8147.2
Brand A,39539,478,32.6,4,0.375,0.945,0.904,15582.800000000001
Brand W,50645,273,20.7,1,0.0,0.4325,0.428,5651.099999999999
Brand X,85149,219,26.0,8,0.875,0.2975,0.64,5694.0
Brand Z,71680,149,21.0,7,0.75,0.1225,0.44,3129.0
Brand E,34193,324,32.6,2,0.125,0.56,0.904,10562.4
Brand A,97040,345,12.7,4,0.375,0.6125,0.10799999999999997,4381.5
Brand X,79141,179,25.8,8,0.875,0.1975,0.632,4618.2
Brand W,83278,355,23.9,1,0.0,0.6375,0.5559999999999999,8484.5
Brand A,68672,383,32.3,4,0.375,0.7075,0.8919999999999999,12370.9
Brand X,98372,404,26.6,8,0.875,0.76,0.664,10746.400000000001
Brand B,86777,153,16.2,5,0.5,0.1325,0.24799999999999997,2478.6
Brand E,37511,422,33.8,2,0.125,0.805,0.9519999999999998,14263.599999999999
Brand Y,98853,344,11.2,3,0.25,0.61,0.04799999999999997,3852.7999999999997
Brand Y,38445,453,26.5,3,0.25,0.8825,0.66,12004.5
Brand Y,74350,225,20.4,3,0.25,0.3125,0.4159999999999999,4590.0
Brand Y,92655,202,25.4,3,0.25,0.255,0.616,5130.799999999999
Brand E,43652,394,27.3,2,0.125,0.735,0.6920000000000001,10756.2
Brand B,81046,479,25.1,5,0.5,0.9475,0.6040000000000001,12022.900000000001
Brand B,35820,108,21.3,5,0.5,0.02,0.452,2300.4
Brand Z,86749,106,17.7,7,0.75,0.015,0.308,1876.1999999999998
Brand B,37340,303,33.7,5,0.5,0.5075,0.9480000000000001,10211.1
Brand Y,76746,426,28.9,3,0.25,0.815,0.7559999999999999,12311.4
Brand A,64870,359,25.8,4,0.375,0.6475,0.632,9262.2
Brand D,88226,206,30.6,9,1.0,0.265,0.8240000000000001,6303.6
Brand E,30252,212,33.9,2,0.125,0.28,0.956,7186.799999999999
Brand Z,78717,387,17.6,7,0.75,0.7175,0.30400000000000005,6811.200000000001
Brand Z,45733,121,12.0,7,0.75,0.0525,0.08,1452.0
Brand D,73052,108,19.4,9,1.0,0.02,0.37599999999999995,2095.2
Brand X,65238,259,20.0,8,0.875,0.3975,0.4,5180.0
Brand B,67611,177,12.4,5,0.5,0.1925,0.09600000000000002,2194.8
Brand C,41340,382,12.1,6,0.625,0.705,0.08399999999999999,4622.2
Brand A,83057,263,20.6,4,0.375,0.4075,0.42400000000000004,5417.8
Brand Z,53350,372,29.7,7,0.75,0.68,0.7879999999999999,11048.4
Brand Z,39647,393,10.9,7,0.75,0.7325,0.03600000000000001,4283.7
Brand Y,99147,164,33.2,3,0.25,0.16,0.9280000000000002,5444.8
Brand X,82184,361,28.2,8,0.875,0.6525,0.728,10180.199999999999
Brand D,57966,120,25.4,9,1.0,0.05,0.616,3048.0
Brand A,51045,206,29.5,4,0.375,0.265,0.78,6077.0
Brand Z,99858,485,23.4,7,0.75,0.9625,0.5359999999999999,11349.0
Brand C,34841,299,29.7,6,0.625,0.4975,0.7879999999999999,8880.3
Brand C,59766,285,32.8,6,0.625,0.4625,0.9119999999999999,9348.0
Brand D,81649,229,29.6,9,1.0,0.3225,0.784,6778.400000000001
Brand D,34278,202,26.7,9,1.0,0.255,0.6679999999999999,5393.4
Brand B,70338,187,16.5,5,0.5,0.2175,0.26,3085.5
Brand C,65119,253,29.8,6,0.625,0.3825,0.792,7539.400000000001
Brand W,81280,124,20.9,1,0.0,0.06,0.43599999999999994,2591.6
Brand W,63712,398,27.3,1,0.0,0.745,0.6920000000000001,10865.4
Brand C,51615,228,32.5,6,0.625,0.32,0.9,7410.0
Brand E,38196,387,23.1,2,0.125,0.7175,0.524,8939.7
Brand B,72743,398,14.8,5,0.5,0.745,0.19200000000000003,5890.400000000001
Brand W,66725,229,17.9,1,0.0,0.3225,0.31599999999999995,4099.099999999999
Brand C,78942,266,23.0,6,0.625,0.415,0.52,6118.0
Brand D,45467,191,22.1,9,1.0,0.2275,0.48400000000000004,4221.1
Brand W,48206,497,21.6,1,0.0,0.9925,0.4640000000000001,10735.2
Brand W,31700,491,12.3,1,0.0,0.9775,0.09200000000000003,6039.3
Brand Z,71118,415,32.7,7,0.75,0.7875,0.9080000000000001,13570.500000000002
Brand A,89443,145,32.4,4,0.375,0.1125,0.8959999999999999,4698.0
Brand E,30203,338,18.0,2,0.125,0.595,0.32,6084.0
Brand Z,54315,471,32.6,7,0.75,0.9275,0.904,15354.6
Brand E,74860,108,19.8,2,0.125,0.02,0.392,2138.4
Brand X,95989,281,30.3,8,0.875,0.4525,0.812,8514.300000000001
Brand W,94717,185,10.5,1,0.0,0.2125,0.02,1942.5
Brand E,35928,474,31.7,2,0.125,0.935,0.868,15025.8
Brand X,31478,246,20.7,8,0.875,0.365,0.428,5092.2
Brand E,37685,433,24.4,2,0.125,0.8325,0.576,10565.199999999999
Brand Y,69899,408,15.7,3,0.25,0.77,0.22799999999999998,6405.599999999999
Brand B,73478,389,27.6,5,0.5,0.7225,0.7040000000000001,10736.400000000001
Brand C,78914,356,31.5,6,0.625,0.64,0.86,11214.0
Brand Z,65907,105,25.0,7,0.75,0.0125,0.6,2625.0
Brand X,74078,474,22.8,8,0.875,0.935,0.512,10807.2
Brand A,90837,346,12.9,4,0.375,0.615,0.11600000000000002,4463.400000000001
Brand Z,68031,152,33.2,7,0.75,0.13,0.9280000000000002,5046.400000000001
Brand E,99189,346,14.1,2,0.125,0.615,0.16399999999999998,4878.599999999999
Brand B,78929,139,24.7,5,0.5,0.0975,0.588,3433.2999999999997
Brand Z,99855,397,33.3,7,0.75,0.7425,0.9319999999999999,13220.099999999999
Brand B,71179,427,34.6,5,0.5,0.8175,0.9840000000000001,14774.2
Brand W,91224,357,12.9,1,0.0,0.6425,0.11600000000000002,4605.3
Brand Y,68928,152,18.3,3,0.25,0.13,0.332,2781.6
Brand Y,79836,392,19.2,3,0.25,0.73,0.368,7526.4
Brand A,43088,138,25.1,4,0.375,0.095,0.6040000000000001,3463.8
Brand D,79814,458,15.0,9,1.0,0.895,0.2,6870.0
Brand A,76178,356,29.1,4,0.375,0.64,0.764,10359.6
Brand D,95419,189,31.6,9,1.0,0.2225,0.8640000000000001,5972.400000000001
Brand A,47514,252,27.5,4,0.375,0.38,0.7,6930.0
Brand X,92904,142,31.3,8,0.875,0.105,0.852,4444.6
Brand Z,67212,124,27.8,7,0.75,0.06,0.7120000000000001,3447.2000000000003
Brand A,94245,269,25.4,4,0.375,0.4225,0.616,6832.599999999999
Brand Y,77532,293,16.2,3,0.25,0.4825,0.24799999999999997,4746.599999999999
Brand C,74451,138,31.9,6,0.625,0.095,0.8759999999999999,4402.2
Brand E,32663,398,23.8,2,0.125,0.745,0.552,9472.4
Brand Z,44861,119,24.6,7,0.75,0.0475,0.5840000000000001,2927.4
Brand Z,79638,455,28.2,7,0.75,0.8875,0.728,12831.0
Brand W,44180,149,21.4,1,0.0,0.1225,0.45599999999999996,3188.6
Brand C,49038,369,21.5,6,0.625,0.6725,0.46,7933.5
Brand Y,43913,178,18.3,3,0.25,0.195,0.332,3257.4
Brand E,83824,450,32.5,2,0.125,0.875,0.9,14625.0
Brand D,81536,307,27.0,9,1.0,0.5175,0.68,8289.0
Brand B,47201,429,27.2,5,0.5,0.8225,0.688,11668.8
Brand E,57805,365,12.6,2,0.125,0.6625,0.10399999999999998,4599.0
Brand B,52505,292,16.8,5,0.5,0.48,0.272,4905.6
Brand W,61986,373,21.6,1,0.0,0.6825,0.4640000000000001,8056.8
Brand Z,40995,378,24.3,7,0.75,0.695,0.5720000000000001,9185.4
Brand E,90730,427,15.3,2,0.125,0.8175,0.21200000000000002,6533.1
Brand B,60261,363,18.0,5,0.5,0.6575,0.32,6534.0
Brand W,65526,229,15.1,1,0.0,0.3225,0.204,3457.9
Brand E,38982,438,19.3,2,0.125,0.845,0.37200000000000005,8453.4
Brand A,86179,289,26.0,4,0.375,0.4725,0.64,7514.0
Brand A,74111,399,34.5,4,0.375,0.7475,0.98,13765.5
Brand Y,67017,214,23.7,3,0.25,0.285,0.5479999999999999,5071.8
Brand A,66041,326,16.6,4,0.375,0.565,0.26400000000000007,5411.6
Brand E,66698,398,22.5,2,0.125,0.745,0.5,8955.0
Brand W,36407,400,29.7,1,0.0,0.75,0.7879999999999999,11880.0
Brand B,50006,425,33.3,5,0.5,0.8125,0.9319999999999999,14152.499999999998
Brand E,31197,166,20.0,2,0.125,0.165,0.4,3320.0
Brand C,66704,496,21.8,6,0.625,0.99,0.47200000000000003,10812.800000000001
Brand B,58979,496,29.8,5,0.5,0.99,0.792,14780.800000000001
Brand X,68104,348,27.0,8,0.875,0.62,0.68,9396.0
Brand B,92533,131,26.0,5,0.5,0.0775,0.64,3406.0
Brand W,73853,467,14.9,1,0.0,0.9175,0.196,6958.3
Brand D,83877,126,32.5,9,1.0,0.065,0.9,4095.0
Brand D,50375,444,22.7,9,1.0,0.86,0.508,10078.8
Brand C,41812,329,33.6,6,0.625,0.5725,0.9440000000000001,11054.4
Brand Y,58179,412,13.0,3,0.25,0.78,0.12,5356.0
Brand W,65631,448,28.5,1,0.0,0.87,0.74,12768.0
Brand C,58343,185,13.9,6,0.625,0.2125,0.15600000000000003,2571.5
Brand X,96409,362,22.7,8,0.875,0.655,0.508,8217.4
Brand B,48847,478,15.4,5,0.5,0.945,0.21600000000000003,7361.2
Brand Y,78694,441,33.4,3,0.25,0.8525,0.9359999999999999,14729.4
Brand Y,49801,312,33.2,3,0.25,0.53,0.9280000000000002,10358.400000000001
Brand D,45335,397,33.9,9,1.0,0.7425,0.956,13458.3
Brand E,32430,309,12.1,2,0.125,0.5225,0.08399999999999999,3738.9
Brand B,98064,329,31.8,5,0.5,0.5725,0.872,10462.2
Brand C,87275,216,22.8,6,0.625,0.29,0.512,4924.8
Brand A,98802,401,25.0,4,0.375,0.7525,0.6,10025.0
Brand B,52256,297,30.1,5,0.5,0.4925,0.804,8939.7
Brand Z,96902,239,15.7,7,0.75,0.3475,0.22799999999999998,3752.2999999999997
Brand E,95399,474,11.4,2,0.125,0.935,0.056000000000000015,5403.6
Brand C,60855,293,16.9,6,0.625,0.4825,0.27599999999999997,4951.7
Brand C,51127,281,15.3,6,0.625,0.4525,0.21200000000000002,4299.3
Brand B,54795,267,20.3,5,0.5,0.4175,0.41200000000000003,5420.1
Brand X,54119,252,15.9,8,0.875,0.38,0.23600000000000002,4006.8
Brand X,57501,429,33.1,8,0.875,0.8225,0.924,14199.900000000001
Brand D,94023,422,21.2,9,1.0,0.805,0.44799999999999995,8946.4
Brand C,57088,187,26.9,6,0.625,0.2175,0.6759999999999999,5030.3
Brand A,86984,126,18.2,4,0.375,0.065,0.32799999999999996,2293.2
Brand D,64732,386,33.4,9,1.0,0.715,0.9359999999999999,12892.4
Brand X,31892,344,15.7,8,0.875,0.61,0.22799999999999998,5400.8
Brand Z,31159,480,20.4,7,0.75,0.95,0.4159999999999999,9792.0
Brand A,42283,473,23.9,4,0.375,0.9325,0.5559999999999999,11304.699999999999
Brand C,48723,237,12.6,6,0.625,0.3425,0.10399999999999998,2986.2
Brand A,69846,152,13.7,4,0.375,0.13,0.14799999999999996,2082.4
Brand Z,46725,161,14.7,7,0.75,0.1525,0.18799999999999997,2366.7
Brand B,86990,174,10.4,5,0.5,0.185,0.016000000000000014,1809.6000000000001
Brand X,40206,385,32.0,8,0.875,0.7125,0.88,12320.0
Brand X,86117,212,27.8,8,0.875,0.28,0.7120000000000001,5893.6
Brand X,81274,355,29.5,8,0.875,0.6375,0.78,10472.5
Brand X,30183,415,21.0,8,0.875,0.7875,0.44,8715.0
Brand Z,34535,196,15.2,7,0.75,0.24,0.20799999999999996,2979.2
Brand C,35215,377,25.3,6,0.625,0.6925,0.612,9538.1
Brand E,72980,294,21.8,2,0.125,0.485,0.47200000000000003,6409.2
Brand Z,55921,443,11.0,7,0.75,0.8575,0.04,4873.0
Brand B,95051,225,12.4,5,0.5,0.3125,0.09600000000000002,2790.0
